,ProductName,Model,Price
0,حلقه ست طلا ازدواج خاص سفید و زرد نگین برلیان ,srd1662,162200000
1,حلقه ست طلا ازدواج سولیتر سفید و زرد نگین برلیان ,srd1661,170580000
2,حلقه ست ازدواج طلا سفید نگین الماس تراش برلیان ,srd1660,106960000
3,حلقه ست ازدواج طلا زرد و سفید عروسی نگین برلیان ,srd1659,123880000
4,حلقه ست ازدواج طلا سفید رزگلد عروسی نگین برلیان ,srd1658,79140000
5,حلقه ست ازدواج طلا سفید رزگلد الماس تراش برلیان ,srd1657,162200000
6,حلقه ست ازدواج طلای سفید جواهر الماس تراش برلیان ,srd1656,123460000
7,حلقه ست ازدواج طلا سفید رزگلد الماس تراش برلیان ,srd1655,82060000
8,حلقه ست ازدواج طلا سفید عروس و داماد نگین برلیان ,srd1654,125780000
9,حلقه ست ازدواج طلا زرد و جواهر با نگین برلیان ,srd1653,199330000
10,حلقه ست ازدواج طلا سفید و جواهر با نگین برلیان ,srd1652,92280000
11,حلقه ست ازدواج طلای زرد و سفید با نگین الماس تراش برلیان ,srd1651,89040000
12,حلقه ست ازدواج طلای رزگلد و جواهر با نگین الماس تراش برلیان ,srd1650,76990000
13,حلقه ست ازدواج طلای زرد و سفید با نگین الماس تراش برلیان ,srd1649,90580000
14,حلقه ست ازدواج طلای رزگلد و سفید با نگین الماس تراش برلیان طرح ورساچه ,srd1648,94330000
15,حلقه ست ازدواج طلا سفید برلیان و یاقوت دو قلب ,srd1647,50630000
16,حلقه ست ازدواج طلا سفید نگین برلیان طرح پازل قلب ,srd1645,92060000
17,حلقه ست ازدواج طلای رزگلد و سفید با نگین برلیان ,srd1644,93640000
18,حلقه ست با حکاکی اسم طلای زرد و سفید با نگین برلیان ,srd1643,49940000
19,حلقه ازدواج ست خاص طلای زرد و سفید با نگین برلیان ,srd1642,92250000
20,ست حلقه ازدواج و عروسی طلا با نگین الماس تراش برلیان ,srd1641,113250000
21,حلقه ست عروسی داماد و عروس طلا با نگین الماس تراش برلیان ,srd1640,109900000
22,حلقه ست ازدواج طلای داماد و عروس با نگین الماس تراش برلیان ,srd1639,150940000
23,حلقه ست ازدواج طلای دو رنگ با نگین الماس تراش برلیان ,srd1638,117330000
24,حلقه ست ازدواج طلا زرد و سفید با نگین الماس تراش برلیان ,srd1637,129060000
25,حلقه ست ازدواج طلا با نگین الماس تراش برلیان ,srd1636,117330000
26,حلقه ست ازدواج طلا زرد و سفید با نگین الماس تراش برلیان ,srd1635,95580000
27, حلقه ست ازدواج طلای سفید و رزگلد با نگین برلیان طرح پازل قلب ,srd1634,102020000
28, حلقه ازدواج ست پازل قلب طلای سفید و رزگلد با نگین برلیان ,srd1633,69440000
29,حلقه ست ازدواج با نگین برلیان عروس و داماد طلا ,srd1632,93610000
30,حلقه ازدواج ست پازل قلب طلای سفید با نگین برلیان ,srd1631,93610000
31,حلقه ازدواج ست طلای سفید با نگین برلیان طرح قفل قلب ,srd1631,64160000
32,حلقه ازدواج ست طلای سفید با نگین الماس تراش برلیان طرح تاج و قلب ,srd1630,241660000
33,حلقه ازدواج ست طلای سفید با نگین الماس تراش برلیان ,srd1629,70000000
34,حلقه ازدواج ست طلای سفید با نگین الماس تراش برلیان ,srd1628,54160000
35, حلقه ازدواج ست طلای سفید با نگین الماس تراش برلیان با طرح بینهایت ,srd1627,88610000
36, حلقه ازدواج ست طلای سفید با نگین الماس تراش برلیان ,srd1626,65830000
37, حلقه ازدواج ست طلای سفید با نگین الماس تراش برلیان ,srd1625,110270000
38,حلقه ازدواج ست طلای سفید و رزگلد با نگین الماس تراش برلیان ,srd1624,69440000
39,حلقه ازدواج ست طلای زرد با نگین الماس تراش برلیان طرح اسلیمی ,srd1624,130550000
40,حلقه ازدواج ست طلای زرد با نگین الماس تراش برلیان سیاه قلم ,srd1623,126660000
41,حلقه ازدواج ست طلای زرد با نگین الماس تراش برلیان ,srd1622,180550000
42,حلقه ازدواج ست طلای زرد و سفید با نگین الماس تراش برلیان ,srd1621,119440000
43,حلقه ازدواج ست طلای سفید با نگین الماس تراش برلیان ,srd1620,136110000
44,حلقه ازدواج ست طلای زرد و سفید با نگین الماس تراش برلیان ,srd1619,104440000
45,حلقه ازدواج ست طلای زرد و سفید با نگین الماس تراش برلیان ,srd1618,138880000
46,حلقه ازدواج ست طلای زرد و سفید با نگین الماس تراش برلیان ,srd1617,93330000
47,حلقه ازدواج ست طلای زرد و سفید با نگین الماس تراش برلیان ,srd1616,138880000
48,حلقه ازدواج ست طلای رزگلد و سفید با نگین الماس تراش برلیان ,srd1615,97220000
49,حلقه ازدواج ست طلای زرد و سفید با نگین الماس تراش برلیان ,srd1614,87770000
50,حلقه ازدواج ست طلای زرد و سفید با نگین الماس تراش برلیان ,srd1613,158890000
51,حلقه ازدواج ست طلای زرد و سفید با نگین الماس تراش برلیان طرح بینهایت ,srd1612,155690000
52,حلقه ازدواج ست طلای سفید و رزگلد با نگین الماس تراش برلیان ,srd1611,120140000
53,حلقه ازدواج ست طلای زرد و سفید با نگین الماس تراش برلیان ,srd1610,110980000
54,حلقه ازدواج ست طلای رزگلد و سفید با نگین الماس تراش برلیان ,srd1609,104040000
55,حلقه ازدواج ست طلای سفید و رزگلد با نگین الماس تراش برلیان ,srd1608,63910000
56,حلقه ازدواج ست طلای زرد و سفید با نگین الماس تراش برلیان ,srd1607,86200000
57,حلقه ازدواج ست طلای سفید با نگین الماس تراش برلیان ,srd1606,56970000
58,حلقه ازدواج ست طلای زرد با نگین الماس تراش برلیان ,srd1605,83600000
59,حلقه ازدواج ست طلای رزگلد با نگین الماس تراش برلیان ,srd1604,73070000
60,حلقه ازدواج ست طلای سفید با نگین الماس تراش برلیان ,srd1603,42730000
61,حلقه ازدواج ست طلای زرد و سفید با نگین الماس تراش برلیان طرح بی نهایت ,srd1602,82610000
62,حلقه ازدواج ست طلای سفید با نگین الماس تراش برلیان ,srd1601,97230000
63,حلقه ازدواج ست طلای زرد با نگین الماس تراش برلیان ,srd1600,88820000
64,حلقه ازدواج ست طلای سفید و زرد با نگین الماس تراش برلیان ,srd1599,98070000
65,حلقه ازدواج ست طلای سفید و رزگلد با نگین الماس تراش برلیان ,srd1598,86410000
66,حلقه ازدواج ست طلای سفید و زرد با نگین الماس تراش برلیان ,srd1597,97800000
67,حلقه ازدواج ست طلای سفید و زرد با نگین الماس تراش برلیان ,srd1596,102490000
68,حلقه ازدواج ست طلای زرد با نگین الماس تراش برلیان طرح ورساچی ,srd1595,85210000
69,حلقه ازدواج ست طلای سفید با نگین الماس تراش برلیان ,srd1594,70600000
70,حلقه ازدواج ست طلای سفید و زرد با نگین الماس تراش برلیان ,srd1593,89630000
71,حلقه ازدواج ست طلای دو رنگ با نگین الماس تراش برلیان ,srd1592,73010000
72,حلقه ازدواج ست طلای دو رنگ با نگین الماس تراش برلیان ,srd1591,95120000
73,حلقه ازدواج ست طلای دو رنگ با نگین الماس تراش برلیان ,srd1590,79040000
74,حلقه ازدواج ست طلای دو رنگ با نگین الماس تراش برلیان ,srd1589,90300000
75,حلقه ازدواج ست طلای دو رنگ با نگین الماس تراش برلیان طرح ورساچی ,srd1588,71810000
76,حلقه ازدواج ست طلای سفید و زرد با نگین الماس تراش برلیان ,srd1587,106070000
77,حلقه ازدواج ست طلای سفید و زرد با نگین الماس تراش برلیان ,srd1586,71140000
78,حلقه ازدواج ست طلای سفید و زرد با نگین الماس تراش برلیان ,srd1585,66450000
79,حلقه ازدواج ست طلای سفید و زرد با نگین الماس تراش برلیان ,srd1584,79040000
80,حلقه ازدواج ست طلای سفید و زرد با نگین الماس تراش برلیان ,srd1583,106640000
81,حلقه ازدواج ست طلای سفید و زرد با نگین الماس تراش برلیان ,srd1582,78780000
82,حلقه ازدواج ست طلای سفید و زرد با نگین الماس تراش برلیان ,srd1581,125800000
83,حلقه ازدواج ست طلای سفید و زرد با نگین الماس تراش برلیان ,srd1580,78780000
84,حلقه ازدواج ست طلای سفید و رزگلد با نگین الماس تراش برلیان ,srd1579,53450000
85,حلقه ازدواج ست طلای سفید و زرد با نگین الماس تراش برلیان ,srd1578,90430000
86,حلقه ازدواج ست طلای سفید و رزگلد با نگین الماس تراش برلیان ,srd1577,80250000
87,حلقه ازدواج ست طلا دو رنگ با نگین الماس تراش برلیان ,srd1576,80040000
88,حلقه ازدواج ست طلا دو رنگ با نگین الماس تراش برلیان ,srd1575,103470000
89,حلقه ازدواج ست طلا سفید با نگین الماس تراش پرنس ,srd1574,72980000
90,حلقه ازدواج ست طلا دو رنگ با نگین الماس تراش برلیان ,srd1573,80040000
91,حلقه ازدواج ست طلا دو رنگ با نگین الماس تراش برلیان طرح ورساچی ,srd1572,91760000
92,حلقه ازدواج ست طلا سفید با نگین الماس تراش برلیان ,srd1571,97810000
93,حلقه ازدواج ست طلا دو رنگ با نگین الماس تراش برلیان ,srd1570,97810000
94,حلقه ازدواج ست طلا سفید با نگین الماس تراش برلیان ,srd1569,97050000
95,حلقه ازدواج ست طلا سفید با نگین الماس تراش برلیان ,srd1568,73860000
96,حلقه ازدواج ست طلا زرد با نگین الماس تراش برلیان ,srd1567,42220000
97,حلقه ازدواج ست طلا سفید با نگین الماس تراش برلیان ,srd1566,57100000
98,حلقه ازدواج ست طلا با نگین الماس تراش برلیان ,srd1565,71720000
99,حلقه ازدواج ست طلا زرد با نگین الماس تراش برلیان ,srd1564,115410000
100,حلقه ازدواج ست طلای رزگلد و سفید با نگین برلیان ,srd1563,64390000
101,حلقه ازدواج ست طلای سفید با نگین الماس تراش برلیان ,srd1562,109700000
102,حلقه ازدواج ست طلا سفید و رزگلد با نگین الماس تراش برلیان ,srd1561,76340000
103, حلقه ازدواج ست با نگین برلیان و طلای زرد و سفید ,srd1560,83870000
104, حلقه ازدواج ست با نگین برلیان و طلای سفید ,srd1559,126710000
105, حلقه ازدواج ست با نگین برلیان و طلای زرد و سفید ,srd1558,76080000
106, حلقه ازدواج ست با نگین برلیان طرح بینهایت ,srd1557,60370000
107,حلقه ازدواج ست طلا زرد با نگین الماس تراش برلیان ,srd1556,79580000
108,حلقه ازدواج ست طلای رزگلد و سفید با نگین الماس تراش برلیان ,srd1555,69450000
109,حلقه ازدواج ست طلای زرد و سفید با نگین الماس تراش برلیان ,srd1554,114250000
110,حلقه ازدواج ست طلا با نگین الماس تراش برلیان ,srd1553,96920000
111,حلقه ست ازدواج طلا با نگین الماس تراش برلیان طرح بینهایت ,srd1552,85920000
112,حلقه ست ازدواج طلا با نگین الماس تراش برلیان ,srd1551,83250000
113,حلقه ست ازدواج طلا با نگین الماس تراش برلیان ,srd1550,81510000
114,حلقه ست ازدواج طلا با نگین الماس تراش برلیان ,srd1549,120700000
115, حلقه ازدواج ست طلا با نگین الماس تراش برلیان ,srd1548,84980000
116, حلقه ازدواج ست طلا با نگین الماس تراش برلیان ,srd1547,117590000
117, حلقه ازدواج ست طلا با نگین الماس تراش برلیان ,srd1546,90460000
118, حلقه ازدواج ست طلا با نگین الماس تراش برلیان ,srd1545,70820000
119, حلقه ست طلای سه رنگ با نگین الماس تراش برلیان ,srd1544,68410000
120, حلقه ازدواج ست طلای دو رنگ با نگین الماس تراش برلیان ,srd1543,51580000
121,حلقه ازدواج ست طلا زرد و سفید با نگین الماس تراش برلیان ,srd1542,105560000
122, حلقه ازدواج ست طلا زرد و سفید با نگین الماس تراش برلیان ,srd1541,72160000
123,حلقه ست ازدواج طلای رزگلد با نگین الماس تراش برلیان ,srd1540,84450000
124,حلقه ست ازدواج طلا با نگین الماس تراش برلیان سیاه و سفید ,srd1539,51310000
125,حلقه ست ازدواج طلا با نگین الماس تراش برلیان ,srd1538,48100000
126,حلقه ست ازدواج طلا با نگین الماس تراش برلیان ,srd1537,72020000
127,حلقه ازدواج ست طلا با نگین الماس تراش برلیان ,srd1536,66280000
128,حلقه ازدواج ست طلای رزگلد با نگین الماس تراش برلیان ,srd1535,52110000
129,حلقه ازدواج ست طلا با نگین الماس تراش برلیان ,srd1534,52910000
130,حلقه ازدواج ست طلای رزگلد و سفید با نگین الماس تراش برلیان ,srd1533,59060000
131,حلقه ازدواج ست طلا سفید با نگین الماس تراش برلیان طرح قلب ,srd1532,51580000
132,حلقه ازدواج ست طلای سفید با نگین الماس تراش برلیان ,srd1531,56250000
133,حلقه ازدواج ست طلای سفید با نگین الماس تراش برلیان ,srd1530,71490000
134,حلقه ازدواج ست طلا با نگین الماس تراش پرنس ,srd1529,48770000
135,حلقه ازدواج ست طلا با نگین الماس تراش برلیان طرح بولگاری ,srd1528,99510000
136,حلقه ازدواج ست طلای سه رنگ با نگین الماس تراش برلیان ,srd1527,85740000
137,حلقه ازدواج ست طلای سفید با نگین الماس تراش برلیان ,srd1526,77490000
138,حلقه ازدواج ست طلای سه رنگ با نگین الماس تراش برلیان ,srd1525,72260000
139,حلقه ازدواج ست طلای زرد و سفید با نگین الماس تراش برلیان ,srd1524,88770000
140,حلقه ازدواج ست طلای رزگلد و سفید با نگین برلیان طرح قلب ,srd1523,70470000
141,حلقه ازدواج ست طلای زرد و سفید با نگین الماس تراش برلیان ,srd1522,86980000
142,حلقه ازدواج ست طلای رزگلد با نگین الماس تراش برلیان ,srd1521,73630000
143,حلقه ازدواج ست طلای دو رنگ با نگین الماس تراش برلیان ,srd1520,98550000
144,حلقه ازدواج ست طلای دو رنگ با نگین الماس تراش برلیان ,srd1519,102670000
145,حلقه ازدواج ست طلا با نگین الماس تراش برلیان طرح ورساچی ,srd1518,77760000
146,حلقه ازدواج ست طلای زرد و سفید با نگین الماس تراش برلیان ,srd1517,64000000
147,حلقه ازدواج ست طلای زرد و سفید با نگین الماس تراش برلیان ,srd1516,88220000
148,حلقه ازدواج ست طلای زرد و سفید با نگین الماس تراش برلیان ,srd1515,71570000
149,حلقه ازدواج ست طلای زرد و سفید با نگین الماس تراش برلیان ,srd1514,72390000
150,حلقه ازدواج ست طلای رزگلد و سفید با نگین الماس تراش برلیان ,srd1513,108040000
151,حلقه ازدواج ست طلای رزگلد و سفید با نگین الماس تراش برلیان ,srd1512,112860000
152,حلقه ازدواج ست طلا با نگین الماس تراش برلیان طرح بینهایت ,srd1511,127040000
153,حلقه ازدواج ست عروس و داماد طلا با نگین الماس تراش برلیان ,srd1510,105980000
154,حلقه ازدواج ست عروس و داماد طلا با نگین الماس تراش برلیان ,srd1509,105840000
155,حلقه ازدواج ست عروس و داماد طلای دو رنگ با نگین الماس تراش برلیان ,srd1508,73630000
156,حلقه ازدواج ست عروس و داماد طلا با نگین الماس تراش برلیان ,srd1507,94420000
157,حلقه ازدواج عروس، داماد طلا زرد و سفید با نگین الماس تراش برلیان ,srd1506,80650000
158,حلقه ازدواج ست عروس و داماد طلای سفید با نگین الماس تراش برلیان ,srd1505,109970000
159,حلقه ازدواج ست طلا زرد و سفید با نگین الماس تراش برلیان ,srd1504,104600000
160,حلقه ازدواج ست عروس و داماد طلای سفید با نگین الماس تراش برلیان ,srd1503,52990000
161,حلقه ازدواج ست طلای زرد و سفید با نگین الماس تراش برلیان ,srd1502,176170000
162,حلقه ازدواج ست عروس و داماد طلا سفید با نگین الماس تراش برلیان ,srd1501,163790000
163,حلقه، پشت حلقه و حلقه مردانه ست با نگین الماس تراش برلیان ,srd1500,163440000
164,حلقه، پشت حلقه و حلقه مردانه ست با نگین الماس تراش برلیان ,srd1499,175870000
165,حلقه، پشت حلقه و حلقه مردانه ست با نگین الماس تراش برلیان ,srd1498,219460000
166,حلقه، پشت حلقه و حلقه مردانه ست با نگین الماس تراش برلیان ,srd1497,148710000
167,حلقه، پشت حلقه و حلقه مردانه ست با نگین الماس تراش برلیان ,srd1496,139650000
168,حلقه، پشت حلقه و حلقه مردانه ست با نگین الماس تراش برلیان ,srd1495,162670000
169,حلقه، پشت حلقه و حلقه مردانه ست با نگین الماس تراش برلیان ,srd1494,170350000
170,حلقه، پشت حلقه و حلقه مردانه ست با نگین الماس تراش برلیان ,srd1493,171270000
171,حلقه، پشت حلقه و حلقه مردانه ست با نگین الماس تراش برلیان ,srd1492,147330000
172,حلقه فلاور، پشت حلقه و حلقه مردانه ست با نگین الماس تراش برلیان ,srd1491,101290000
173,حلقه، پشت حلقه و حلقه مردانه ست با نگین الماس تراش برلیان ,srd1490,128140000
174,حلقه، پشت حلقه و حلقه مردانه ست با نگین الماس تراش برلیان ,srd10489,168810000
175,حلقه، پشت حلقه و حلقه مردانه ست با نگین الماس تراش برلیان ,srd1489,128300000
176,حلقه فلاور، پشت حلقه و حلقه مردانه ست با نگین الماس تراش برلیان ,srd1488,106810000
177,حلقه، پشت حلقه و حلقه مردانه ست با نگین الماس تراش برلیان ,srd1487,109270000
178,حلقه، پشت حلقه و حلقه مردانه ست با نگین الماس تراش برلیان و مارکیز ,srd1486,135050000
179,حلقه، پشت حلقه و حلقه مردانه ست با نگین الماس تراش برلیان طرح مارکیز ,srd1485,105740000
180,حلقه فلاور، پشت حلقه و حلقه مردانه ست با نگین الماس تراش برلیان ,srd1484,136580000
181,حلقه، پشت حلقه و حلقه مردانه ست با نگین الماس تراش برلیان ,srd1483,129680000
182,حلقه، پشت حلقه و حلقه مردانه ست با نگین الماس تراش برلیان ,srd1482,109270000
183,حلقه، پشت حلقه و حلقه مردانه ست با نگین الماس تراش برلیان طرح فلاور ,srd1481,109880000
184,حلقه، پشت حلقه و حلقه مردانه ست با نگین الماس تراش پرنس ,srd1480,113560000
185,حلقه، پشت حلقه و حلقه مردانه ست با نگین الماس تراش برلیان ,srd1479,285450000
186,حلقه، پشت حلقه و حلقه مردانه ست با نگین الماس تراش برلیان ,srd1478,131980000
187,حلقه، پشت حلقه و حلقه مردانه ست با نگین الماس تراش برلیان ,srd1477,171880000
188,حلقه، پشت حلقه و حلقه مردانه ست با نگین الماس تراش برلیان و مارکیز ,srd1476,150400000
189,حلقه، پشت حلقه و حلقه مردانه ست با نگین الماس تراش برلیان ,srd1475,141960000
190,حلقه، پشت حلقه و حلقه مردانه ست با نگین الماس تراش برلیان ,srd1474,89930000
191,حلقه، پشت حلقه و حلقه مردانه ست با نگین الماس تراش برلیان ,srd1473,85940000
192,حلقه، پشت حلقه و حلقه مردانه ست با نگین الماس تراش برلیان ,srd1472,122000000
193,حلقه، پشت حلقه و حلقه مردانه ست با نگین الماس تراش برلیان ,srd1470,119700000
194,حلقه، پشت حلقه و حلقه مردانه ست با نگین الماس تراش برلیان ,srd1471,129680000
195,حلقه، پشت حلقه و حلقه مردانه ست با نگین الماس تراش برلیان ,srd1469,151160000
196,حلقه، پشت حلقه و حلقه مردانه ست با نگین الماس تراش برلیان طرح قلب ,srd1468,129680000
197,حلقه، پشت حلقه و حلقه مردانه ست با نگین الماس تراش برلیان ,srd1467,188920000
198,حلقه، پشت حلقه و حلقه مردانه ست با نگین الماس تراش برلیان ,srd1466,167280000
199,حلقه، پشت حلقه و حلقه مردانه ست با نگین الماس تراش برلیان ,srd1465,122000000
200,حلقه، پشت حلقه و حلقه مردانه ست با نگین الماس تراش برلیان و مارکیز ,srd1464,242480000
201,حلقه، پشت حلقه و حلقه مردانه ست با نگین الماس تراش برلیان ,srd1463,100670000
202,حلقه، پشت حلقه و حلقه مردانه ست با نگین الماس تراش برلیان ,srd1462,271640000
203,حلقه، پشت حلقه و حلقه مردانه ست با نگین الماس تراش برلیان ,srd1461,151800000
204,حلقه، پشت حلقه و حلقه مردانه ست با نگین الماس تراش برلیان ,srd1460,207180000
205,حلقه، پشت حلقه و حلقه مردانه ست با نگین الماس تراش برلیان ,srd1459,117400000
206,حلقه، پشت حلقه و حلقه مردانه ست با نگین الماس تراش برلیان ,srd1458,170030000
207,حلقه، پشت حلقه و حلقه مردانه ست با نگین الماس تراش برلیان ,srd1457,208720000
208,حلقه، پشت حلقه و حلقه مردانه ست با نگین الماس تراش مارکیز و پرنس ,srd1456,180340000
209,حلقه، پشت حلقه و حلقه مردانه ست با نگین الماس تراش برلیان ,srd1455,233270000
210,حلقه، پشت حلقه و حلقه مردانه ست با نگین الماس تراش برلیان ,srd1454,233420000
211,حلقه ست طلای ازدواج با نگین الماس تراش برلیان طرح قلب ,srd1453,76120000
212,حلقه ست طلای ازدواج با نگین الماس تراش برلیان ,srd1452,126610000
213,حلقه ست طلای ازدواج با نگین الماس تراش برلیان ,srd1451,99750000
214,حلقه ست طلای ازدواج با نگین الماس تراش برلیان طرح ورساچی ,srd1450,111260000
215,حلقه ست طلای ازدواج با نگین الماس تراش برلیان ,srd1449,80570000
216,حلقه ست طلای ازدواج با نگین الماس تراش برلیان ,srd1448,93920000
217,حلقه ست طلای ازدواج با نگین الماس تراش برلیان ,srd1447,91920000
218,حلقه ست ازدواج طلا با نگین الماس تراش برلیان ,srd1446,113560000
219,حلقه ست طلای عروس با نگین الماس تراش برلیان ,srd1445,82100000
220,حلقه ست طلای عروس با نگین الماس تراش برلیان ,srd1444,86550000
221,حلقه ست طلای عروس با نگین الماس تراش برلیان ,srd1443,70590000
222,حلقه ست ازدواج طلا با نگین الماس تراش برلیان ,srd1442,72130000
223,حلقه ست طلای عروس با نگین الماس تراش برلیان ,srd1441,91310000
224,حلقه ست طلای عروس با نگین الماس تراش برلیان ,srd1440,76120000
225,حلقه ست طلای عروس با نگین الماس تراش برلیان ,srd1439,90540000
226,حلقه ست طلای عروس با نگین الماس تراش برلیان با حکاکی حروف ,srd1438,75200000
227,حلقه ست طلای عروس با نگین الماس تراش برلیان ,srd1437,88550000
228,حلقه ست طلای عروس با نگین الماس تراش برلیان ,srd1436,112800000
229,حلقه ست طلای عروس با نگین الماس تراش برلیان ,srd1435,68580000
230,حلقه ست طلای عروس با نگین الماس تراش برلیان ,srd1434,113410000
231,حلقه ست طلای عروس با نگین الماس تراش برلیان ,srd1433,64450000
232,حلقه ست طلای عروس با نگین الماس تراش برلیان ,srd1432,89620000
233,حلقه ست طلای عروس با نگین الماس تراش برلیان ,srd1431,82720000
234,حلقه ست طلای عروس با نگین الماس تراش برلیان ,srd1430,71360000
235,حلقه ست طلای عروس با نگین الماس تراش برلیان ,srd1429,123570000
236,حلقه ست طلای عروس با نگین الماس تراش برلیان ,srd1428,185360000
237,حلقه ست طلای عروس با نگین الماس تراش برلیان ,srd1427,72820000
238,حلقه ست طلای عروس با نگین الماس تراش برلیان ,srd1426,114010000
239,حلقه ست طلای عروس با نگین الماس تراش برلیان ,srd1425,62220000
240,حلقه ست طلای عروس با نگین الماس تراش برلیان ,srd1424,100990000
241,حلقه ست طلای عروس با نگین الماس تراش برلیان ,srd1423,122830000
242,حلقه ست طلای عروس با نگین الماس تراش برلیان ,srd1422,72080000
243,حلقه ست طلای عروس با نگین الماس تراش برلیان ,srd1421,94800000
244,حلقه ست طلای عروس با نگین الماس تراش برلیان ,srd10420,79440000
245,حلقه ست طلای عروس با نگین الماس تراش برلیان ,srd14191,109750000
246,حلقه ست طلای عروس با نگین الماس تراش برلیان ,srd141008,61780000
247,حلقه ست طلای عروس با نگین الماس تراش برلیان طرح ورساچی ,srd1420,120970000
248,حلقه ست طلای زرد و سفید عروس با نگین الماس تراش برلیان ,srd1419,118970000
249,حلقه ست طلای زرد و سفید عروس با نگین الماس تراش برلیان ,srd1418,77190000
250,حلقه ست طلای عروس با نگین الماس تراش برلیان ,srd1417,101070000
251,حلقه ست طلای زرد و سفید عروس با نگین الماس تراش برلیان ,srd1416,106640000
252,حلقه ست طلای عروس سه رنگ با نگین الماس تراش برلیان ,srd1415,94860000
253,حلقه ست طلای زرد و سفید عروس با نگین الماس تراش برلیان ,srd1414,75600000
254,حلقه ست ازدواج طلا با نگین الماس تراش برلیان با حکاکی اسامی ,srd1413,81970000
255,حلقه ست طلای سفید و رزگلد عروس با نگین الماس تراش برلیان ,srd1412,55070000
256,حلقه ست طلای سفیدو رزگلد عروس با نگین الماس تراش برلیان ,srd1411,93110000
257,حلقه ست طلای سفید و رزگلد با نگین الماس تراش برلیان ,srd1410,66050000
258,حلقه ست طلای زرد عروس با نگین الماس تراش برلیان ,srd1409,65570000
259,حلقه فلاور، پشت حلقه و حلقه مردانه ست با نگین الماس تراش برلیان ,srd1408,128410000
260,حلقه فلاور، پشت حلقه و حلقه مردانه ست با نگین الماس تراش برلیان ,srd1407,98650000
261,حلقه، پشت حلقه و حلقه مردانه ست با نگین الماس تراش برلیان ,srd1406,113700000
262,حلقه، پشت حلقه و حلقه مردانه ست با نگین الماس تراش برلیان و پرنس ,srd1405,106170000
263,حلقه، پشت حلقه و حلقه مردانه طلا با نگین الماس تراش برلیان و پرنس ,srd1404,82760000
264,حلقه، پشت حلقه و حلقه مردانه ست با نگین الماس تراش باگت و پرنس ,srd1403,81760000
265,حلقه فلاور، پشت حلقه و حلقه مردانه ست با نگین الماس تراش برلیان ,srd1402,102830000
266,حلقه فلاور، پشت حلقه و حلقه مردانه ست با نگین الماس تراش برلیان ,srd1401,81760000
267,حلقه، پشت حلقه و حلقه مردانه ست با نگین الماس تراش برلیان و پرنس ,srd1400,102660000
268,حلقه، پشت حلقه و حلقه مردانه ست با نگین الماس تراش برلیان ,srd1399,85270000
269,حلقه، پشت حلقه و حلقه مردانه ست با نگین الماس تراش برلیان و پرنس ,srd1398,94970000
270,حلقه، پشت حلقه و حلقه مردانه ست با نگین الماس تراش برلیان و پرنس ,srd1397,78250000
271,حلقه ست ازدواج طلای سفید با نگین الماس تراش برلیان طرح ورساچی ,srd1396,117380000
272,حلقه ست ازدواج طلا با نگین الماس تراش برلیان ,srd1395,150960000
273,حلقه ست ازدواج طلای زرد با نگین الماس تراش برلیان ,srd1394,142930000
274,حلقه ست ازدواج طلای دو رنگ با نگین الماس تراش برلیان ,srd1393,77890000
275,حلقه ست ازدواج طلای سه رنگ با نگین الماس تراش برلیان ,srd1392,87520000
276,حلقه ست ازدواج طلای زرد و سفید با نگین الماس تراش برلیان ,srd1391,95550000
277,حلقه ست ازدواج طلای سفید با نگین الماس تراش برلیان ,srd1390,88170000
278,حلقه ست ازدواج طلای زرد با نگین الماس تراش برلیان ,srd1389,78530000
279,حلقه ست ازدواج طلا با نگین الماس تراش برلیان ,srd1388,53800000
280,حلقه ست ازدواج طلا با نگین الماس تراش برلیان ,srd1387,87520000
281,حلقه ست ازدواج طلا با نگین الماس تراش برلیان ,srd1386,48020000
282,حلقه ست ازدواج طلا با نگین الماس تراش برلیان ,srd1385,77890000
283,حلقه، پشت حلقه و حلقه مردانه ست طلا با نگین الماس تراش برلیان ,srd1384,138160000
284,حلقه ست ازدواج طلا با نگین الماس تراش برلیان و پرنس ,srd1383,139730000
285,حلقه ست ازدواج طلای سه رنگ با نگین الماس تراش برلیان ,srd1382,148700000
286,حلقه ست ازدواج طلای سفید و رزگلد با نگین الماس تراش برلیان ,srd1381,147130000
287,حلقه ست ازدواج طلا با نگین الماس تراش برلیان طرح اسم ,srd1380,56640000
288,حلقه ست ازدواج طلا با نگین الماس تراش برلیان طرح اسم ,srd1379,91110000
289,حلقه ست ازدواج طلا با نگین الماس تراش برلیان طرح اسم ,srd1378,78520000
290,حلقه ست ازدواج طلا با نگین الماس تراش برلیان طرح اسم  ,srd1377,86540000
291,حلقه ست ازدواج طلا با نگین الماس تراش برلیان ,srd1376,93620000
292,حلقه ست ازدواج طلا با نگین الماس تراش برلیان ,srd1375,94250000
293,حلقه ست ازدواج طلا زرد و سفید با نگین الماس تراش برلیان ,srd1374,163650000
294,حلقه ست ازدواج طلا زرد و سفید با نگین الماس تراش برلیان ,srd1373,92050000
295,حلقه طلای ست ازدواج با نگین الماس تراش برلیان ,srd1372,124910000
296,حلقه طلای ست ازدواج با نگین الماس تراش برلیان ,srd1371,119510000
297,حلقه طلای ست ازدواج با نگین الماس تراش برلیان ,srd1370,115500000
298,حلقه طلای ست ازدواج با نگین الماس تراش برلیان ,srd1369,86050000
299,حلقه طلای ست ازدواج با نگین الماس تراش برلیان ,srd1368,60140000
300,حلقه طلای ست ازدواج با نگین الماس تراش برلیان ,srd1367,75410000
301,حلقه طلای دو رنگ ست ازدواج با نگین الماس تراش برلیان ,srd1366,73400000
302,حلقه طلای ست ازدواج با نگین الماس تراش برلیان ,srd1365,72170000
303,حلقه طلای ست ازدواج با نگین الماس تراش برلیان ,srd1364,127220000
304,حلقه طلای ست ازدواج با نگین الماس تراش برلیان ,srd1363,122600000
305,حلقه طلای رزگلد و سفید ست ازدواج با نگین الماس تراش برلیان ,srd1362,71700000
306,حلقه طلای ست ازدواج با نگین الماس تراش برلیان ,srd1361,122500000
307,حلقه ست طلای ازدواج با نگین الماس تراش برلیان ,srd1360,103980000
308,حلقه ست طلای ازدواج با نگین الماس تراش برلیان ,srd1359,84700000
309,حلقه ست طلای سفید ازدواج با نگین الماس تراش برلیان ,srd1358,83770000
310,حلقه ست طلای ازدواج با نگین الماس تراش برلیان ,srd1357,89370000
311,حلقه ست طلای ازدواج با نگین الماس تراش برلیان ,srd1356,86100000
312,حلقه ست طلای ازدواج با نگین الماس تراش برلیان ,srd1355,86730000
313,حلقه ست طلای ازدواج با نگین الماس تراش برلیان ,srd1354,82060000
314,حلقه ست طلای ازدواج با نگین الماس تراش برلیان ,srd1353,80510000
315,حلقه ست طلای ازدواج با نگین الماس تراش برلیان ,srd1352,72270000
316,حلقه ست طلای ازدواج با نگین الماس تراش برلیان ,srd1351,108020000
317,حلقه ست طلای ازدواج با نگین الماس تراش برلیان ,srd1350,83150000
318,حلقه ست طلای ازدواج با نگین الماس تراش برلیان ,srd1349,83150000
319,حلقه ست طلای ازدواج با نگین الماس تراش برلیان ,srd1348,113980000
320,حلقه ست طلای ازدواج با نگین الماس تراش برلیان ,srd1347,95060000
321,حلقه ست طلای ازدواج با نگین الماس تراش برلیان ,srd1346,113680000
322,حلقه ست طلای ازدواج با نگین الماس تراش برلیان ,srd1345,91930000
323,حلقه ست طلای ازدواج با نگین الماس تراش برلیان ,srd1344,136750000
324,حلقه ست طلای ازدواج با نگین الماس تراش برلیان ,srd1343,121100000
325,حلقه ست طلای ازدواج با نگین الماس تراش برلیان ,srd1342,112860000
326,حلقه ست طلای ازدواج با نگین الماس تراش برلیان ,srd1341,111870000
327,حلقه ست طلای ازدواج با نگین الماس تراش برلیان ,srd1340,97040000
328,حلقه ست طلای ازدواج با نگین الماس تراش برلیان ,srd1339,79910000
329,حلقه ست طلای ازدواج با نگین الماس تراش برلیان ,srd1338,89790000
330,حلقه ست طلای ازدواج با نگین الماس تراش برلیان ,srd1337,89790000
331,حلقه ست ازدواج طلا با نگین الماس تراش برلیان ,srd1336,83830000
332,حلقه ست ازدواج طلا با نگین الماس تراش برلیان طرح ورساچی ,srd1335,139130000
333,حلقه ست ازدواج با نگین برلیان طرح بولگاری با حکاکی تاریخ و اسم ,srd1334,117600000
334,حلقه ست ازدواج طلا با نگین الماس تراش برلیان طرح قلب ,srd1333,126000000
335,حلقه ست ازدواج طلا با نگین الماس تراش برلیان با حکاکی اسامی ,srd1332,74570000
336,حلقه ست ازدواج طلا با نگین الماس تراش برلیان ,srd1331,80400000
337,حلقه ست ازدواج طلا با نگین الماس تراش برلیان ,srd1330,79710000
338,حلقه ست ازدواج طلا با نگین الماس تراش برلیان ,srd1329,96860000
339,حلقه ست ازدواج طلا با نگین الماس تراش برلیان ,srd1328,117940000
340,حلقه ست ازدواج طلا طرح ترک با نگین الماس تراش برلیان ,srd1327,164570000
341,حلقه ست ازدواج طلای دو رنگ با نگین الماس تراش برلیان ,srd1326,153430000
342,حلقه ست ازدواج طلا با نگین الماس تراش برلیان ,srd1325,92570000
343,حلقه ست عروسی جواهر با نگین الماس تراش برلیان ,srd1324,121970000
344,حلقه ست عروسی جواهر با نگین الماس تراش برلیان ,srd1323,99680000
345,حلقه ست عروسی جواهر با نگین الماس تراش برلیان ,srd1322,111440000
346,حلقه ست عروسی جواهر با نگین الماس تراش برلیان طرح قلب ,srd1321,86870000
347,حلقه ست عروسی جواهر با نگین الماس تراش برلیان ,srd1320,111440000
348,حلقه ست عروسی جواهر با نگین الماس تراش برلیان ,srd1319,122500000
349,حلقه ست عروسی جواهر با نگین الماس تراش برلیان ,srd1318,92660000
350,حلقه ست عروسی جواهر با نگین الماس تراش برلیان ,srd1317,113720000
351,حلقه ست عروسی جواهر با نگین الماس تراش برلیان ,srd1316,104420000
352,حلقه ست عروسی جواهر با نگین الماس تراش برلیان ,srd1315,94420000
353,حلقه ست عروسی جواهر با نگین الماس تراش برلیان ,srd1314,113200000
354,حلقه ست عروسی جواهر با نگین الماس تراش برلیان ,srd1313,80550000
355,حلقه ست ازدواج جواهر با نگین الماس تراش برلیان ,srd1312,126310000
356,حلقه ست ازدواج جواهر با نگین الماس تراش برلیان ,srd1311,127030000
357,حلقه ست ازدواج جواهر با نگین الماس تراش برلیان ,srd1310,97770000
358,حلقه ست ازدواج جواهر با نگین الماس تراش برلیان ,srd1309,121760000
359,حلقه ست ازدواج جواهر با نگین الماس تراش برلیان ,srd1308,131760000
360,حلقه ست ازدواج جواهر با نگین الماس تراش برلیان ,srd1307,89050000
361,حلقه ست ازدواج جواهر با نگین الماس تراش برلیان ,srd1306,79050000
362,حلقه ست ازدواج جواهر با نگین الماس تراش پرنس ,srd1305,67060000
363,حلقه ست ازدواج جواهر با نگین الماس تراش برلیان ,srd1304,108860000
364,حلقه ست ازدواج با نگین الماس تراش برلیان و طلای سفید ,srd1303,90680000
365,حلقه ست ازدواج جواهر با نگین الماس تراش برلیان طرح ورساچی ,srd1302,139130000
366,حلقه ست عروسی جواهر با نگین الماس تراش برلیان طرح ورساچی ,srd1301,77500000
367,حلقه ست عروسی جواهر با نگین الماس تراش برلیان ,srd1300,78930000
368,حلقه ست عروسی جواهر با نگین الماس تراش برلیان ,srd1299,83210000
369,حلقه ست عروسی جواهر با نگین الماس تراش برلیان ,srd1298,90180000
370,حلقه ست عروسی جواهر با نگین الماس تراش برلیان ,srd1297,110150000
371,حلقه ست عروسی جواهر با نگین الماس تراش برلیان ,srd1296,73700000
372,حلقه ست عروسی جواهر با نگین الماس تراش برلیان ,srd1295,93190000
373,حلقه ست عروسی جواهر با نگین الماس تراش برلیان ,srd1294,103190000
374,حلقه ست عروسی جواهر با نگین الماس تراش برلیان ,srd1293,133930000
375,حلقه ست عروسی جواهر با نگین الماس تراش برلیان ,srd1292,84790000
376,حلقه ست عروسی جواهر با نگین الماس تراش برلیان و طلای سه رنگ ,srd1291,126000000
377,ست حلقه عروسی جواهر با نگین الماس تراش برلیان ,srd1290,74170000
378,ست حلقه عروسی جواهر با نگین الماس تراش برلیان ,srd1289,75780000
379,ست حلقه جواهر با نگین الماس تراش برلیان سیاه و سفید ,srd1288,57180000
380,ست حلقه عروسی جواهر با نگین الماس تراش برلیان ,srd1287,92970000
381,ست حلقه عروسی جواهر با نگین الماس تراش برلیان ,srd1286,121760000
382,ست حلقه عروسی جواهر با نگین الماس تراش برلیان ,srd1285,108170000
383,ست حلقه عروسی جواهر با نگین الماس تراش برلیان ,srd1284,79750000
384,ست حلقه عروسی جواهر با نگین الماس تراش برلیان ,srd1283,57180000
385,ست حلقه عروسی جواهر با نگین الماس تراش برلیان ,srd1282,57880000
386,ست حلقه عروسی جواهر با نگین الماس تراش برلیان ,srd1281,53320000
387,ست حلقه عروسی جواهر با نگین الماس تراش برلیان ,srd1280,81740000
388,ست حلقه عروسی جواهر با نگین الماس تراش برلیان ,srd1279,62910000
389,ست حلقه عروسی جواهر با نگین الماس تراش برلیان ,srd1278,57880000
390, ست حلقه ازدواج جواهر با نگین الماس تراش برلیان ,srd1277,120010000
391,ست حلقه ازدواج جواهر با نگین الماس تراش برلیان ,srd1276,90840000
392,ست حلقه ازدواج جواهر با نگین الماس تراش برلیان طرح ورساچی ,srd1275,117380000
393,ست حلقه ازدواج جواهر با نگین الماس تراش برلیان ,srd1274,81280000
394,ست حلقه ازدواج جواهر با نگین الماس تراش برلیان ,srd1273,119280000
395,ست حلقه ازدواج جواهر با نگین الماس تراش برلیان ,srd1272,132980000
396,ست حلقه ازدواج جواهر با نگین الماس تراش برلیان ,srd1271,51290000
397,ست حلقه ازدواج جواهر با نگین الماس تراش برلیان ,srd1270,53600000
398,ست حلقه ازدواج جواهر با نگین الماس تراش برلیان ,srd1269,94310000
399,ست حلقه ازدواج جواهر با نگین الماس تراش برلیان ,srd1268,90240000
400,ست حلقه ازدواج جواهر با نگین الماس تراش برلیان ,srd1267,84780000
401,ست حلقه ازدواج جواهر با نگین الماس تراش برلیان ,srd1266,67710000
402,ست حلقه ازدواج جواهر با نگین الماس تراش برلیان ,srd1265,67170000
403,حلقه ست عروسی جواهر با نگین الماس تراش برلیان ,srd1264,143410000
404,حلقه ست عروسی جواهر با نگین الماس تراش برلیان ,srd1263,76750000
405,حلقه ست عروسی جواهر با نگین الماس تراش برلیان ,srd1262,129220000
406,حلقه ست عروسی جواهر با نگین الماس تراش برلیان ,srd1261,111930000
407,حلقه ست عروسی جواهر با نگین الماس تراش برلیان ,srd1260,100660000
408,حلقه ست عروسی جواهر با نگین الماس تراش برلیان طرح ورساچی ,srd1259,114450000
409,حلقه ست عروسی جواهر با نگین الماس تراش برلیان ,srd1258,90580000
410,حلقه ست عروسی جواهر با نگین الماس تراش برلیان ,srd1257,76750000
411,حلقه ست عروسی جواهر با نگین الماس تراش برلیان ,srd1256,232220000
412,حلقه ست عروسی جواهر با نگین الماس تراش پرنس ,srd1255,57320000
413,حلقه ست عروسی جواهر با نگین الماس تراش پرنس ,srd1254,52560000
414,حلقه ست عروسی جواهر با نگین الماس تراش برلیان ,srd1253,75990000
415,حلقه ست عروسی جواهر با نگین الماس تراش برلیان ,srd1252,79670000
416,حلقه ست عروسی جواهر با نگین الماس تراش برلیان ,srd1251,77510000
417,حلقه ست عروسی جواهر با نگین الماس تراش برلیان ,srd1250,169500000
418,حلقه ست عروسی جواهر با نگین الماس تراش برلیان ,srd1249,76790000
419,حلقه ست عروسی جواهر با نگین الماس تراش برلیان ,srd1248,103420000
420,حلقه ست ازدواج جواهر با نگین الماس تراش برلیان ,srd1247,89600000
421,حلقه ست عروسی جواهر با نگین الماس تراش برلیان ,srd1246,106880000
422,حلقه ست عروسی جواهر با نگین الماس تراش برلیان ,srd1245,118110000
423,حلقه ست عروسی جواهر با نگین الماس تراش برلیان ,srd1244,83990000
424,حلقه ست عروسی جواهر با نگین الماس تراش برلیان ,srd1243,59810000
425,حلقه ست عروسی جواهر با نگین الماس تراش برلیان ,srd1242,73190000
426,حلقه ست عروسی جواهر با نگین الماس تراش برلیان ,srd1241,70820000
427,حلقه ست عروسی جواهر با نگین الماس تراش برلیان ,srd1240,67050000
428,حلقه ست عروسی جواهر با نگین الماس تراش برلیان ,srd1239,96330000
429,حلقه ست عروسی جواهر با نگین الماس تراش برلیان طرح ورساچی ,srd1238,112590000
430,حلقه ست عروسی جواهر با نگین الماس تراش برلیان ,srd1237,94820000
431,حلقه ست عروسی جواهر با نگین الماس تراش برلیان ,srd1236,119350000
432,حلقه ست عروسی جواهر با نگین الماس تراش برلیان ,srd1235,71190000
433,حلقه ست عروسی جواهر با نگین الماس تراش برلیان ,srd1234,78060000
434,حلقه ست عروسی جواهر با نگین الماس تراش برلیان ,srd1233,59800000
435,حلقه ست عروسی جواهر با نگین الماس تراش برلیان ,srd1232,97080000
436,حلقه ست عروسی جواهر با نگین الماس تراش برلیان ,srd1231,134610000
437,حلقه ست عروسی جواهر با نگین الماس تراش برلیان ,srd1230,86320000
438,حلقه ست عروسی جواهر با نگین الماس تراش پرنس ,srd1229,57290000
439,حلقه ست عروسی طلا با نگین الماس تراش برلیان ,srd1228,150570000
440,حلقه ست عروسی طلا با نگین الماس تراش برلیان ,srd1227,140500000
441,حلقه ست عروسی طلا با نگین الماس تراش برلیان ,srd1226,209430000
442,حلقه ورساچی ست عروسی طلا با نگین الماس تراش برلیان ,srd1225,157730000
443,حلقه ست عروسی طلا با نگین الماس تراش برلیان ,srd1224,86950000
444,حلقه ست عروسی طلا با نگین الماس تراش برلیان ,srd1223,76610000
445,حلقه ست عروسی طلا با نگین الماس تراش برلیان ,srd1222,102850000
446,حلقه ست عروسی طلا با نگین الماس تراش برلیان ,srd1221,109220000
447,حلقه ست عروسی طلا با نگین الماس تراش برلیان ,srd1220,76610000
448,حلقه ست عروسی طلا با نگین الماس تراش برلیان ,srd1219,103120000
449,حلقه ست عروسی طلا با نگین الماس تراش برلیان ,srd1218,93490000
450,حلقه ست عروسی طلا با نگین الماس تراش برلیان ,srd1217,204120000
451,حلقه ست ازدواج طلا با نگین الماس تراش برلیان ,srd1216,82820000
452,حلقه ست ازدواج طلا با نگین الماس تراش برلیان ,srd1215,82240000
453,حلقه ست ازدواج طلا با نگین الماس تراش برلیان ,srd1214,94280000
454,حلقه ست ازدواج طلا با نگین الماس تراش برلیان ,srd1213,113770000
455,حلقه ست ازدواج طلا با نگین الماس تراش برلیان ,srd1212,122940000
456,حلقه ست ازدواج طلا با نگین الماس تراش برلیان ,srd1211,96860000
457,حلقه ست ازدواج طلا با نگین الماس تراش برلیان ,srd1210,76800000
458,حلقه ست ازدواج طلا با نگین الماس تراش برلیان ,srd1209,65620000
459,حلقه ست ازدواج طلا با نگین الماس تراش برلیان ,srd1208,111470000
460,حلقه ست ازدواج طلا با نگین الماس تراش برلیان ,srd1207,71070000
461,حلقه ست ازدواج طلا با نگین الماس تراش برلیان ,srd1206,65620000
462,حلقه ست ازدواج طلا با نگین الماس تراش برلیان ,srd1205,108040000
463,ست حلقه ازدواج طلا سفید و زرد با نگین الماس تراش برلیان طرح ورساچی ,srd1204,97800000
464,ست حلقه ازدواج طلا سفید با نگین الماس تراش برلیان طرح بولگاری ,srd1205,150920000
465,ست حلقه ازدواج طلا سفید و زرد با نگین الماس تراش برلیان ,srd12006,74640000
466,ست حلقه ازدواج طلا زرد با نگین الماس تراش برلیان ,srd1203,100610000
467,ست حلقه ازدواج طلا سفید با نگین الماس تراش برلیان ,srd1202,86340000
468,ست حلقه ازدواج طلا زرد با نگین الماس تراش برلیان ,srd1201,91250000
469,ست حلقه ازدواج طلا سفید و زرد با نگین الماس تراش برلیان ,srd1200,93120000
470,ست حلقه ازدواج طلا سفید و زرد با نگین الماس تراش برلیان ,srd1199,113720000
471,ست حلقه ازدواج طلا سفید و زرد با نگین الماس تراش برلیان ,srd1198,107400000
472,ست حلقه ازدواج طلا سفید و زرد با نگین الماس تراش برلیان ,srd1197,102720000
473,ست حلقه ازدواج طلا سفید و زرد با نگین الماس تراش برلیان ,srd1196,76980000
474,ست حلقه ازدواج طلا سفید و زرد با نگین الماس تراش برلیان و پرنسس ,srd1195,67620000
475,ست حلقه ازدواج طلا سفید و زرد با نگین الماس تراش برلیان ,srd1194,109840000
476,ست حلقه ازدواج طلا زرد با نگین الماس تراش برلیان ,srd1193,106860000
477,ست حلقه ازدواج طلا زرد و سفید با نگین برلیان ,srd1192,45630000
478,ست حلقه ازدواج طلا زرد با نگین الماس تراش برلیان ,srd1191,84380000
479,ست حلقه ازدواج طلا زرد با نگین الماس تراش برلیان ,srd1190,102040000
480,ست حلقه ازدواج طلا سفید با نگین الماس تراش برلیان ,srd1189,77500000
481,ست حلقه ازدواج طلا زرد و سفید با نگین الماس تراش برلیان ,srd1188,100890000
482,ست حلقه ازدواج طلا زرد با نگین الماس تراش برلیان ,srd1187,85610000
483,ست حلقه ازدواج طلا زرد و سفید با نگین الماس تراش برلیان ,srd1186,77730000
484,ست حلقه ازدواج طلا با نگین الماس تراش برلیان ,srd1185,65350000
485,ست حلقه ازدواج طلا سفید با نگین الماس تراش برلیان ,srd1184,66040000
486,ست حلقه ازدواج طلا با نگین الماس تراش برلیان ,srd1183,63740000
487,ست حلقه ازدواج طلا زرد با نگین برلیان طرح اسم عروس و داماد ,srd1182,84180000
488,ست حلقه ازدواج طلا سفید و زرد با نگین برلیان طرح ورساچی ,srd1181,96050000
489,ست حلقه ازدواج طلا سفید با نگین برلیان طرح پازل قلب با طرح ورساچی ,srd1180,85670000
490,ست حلقه ازدواج طلای زرد و سفید با نگین برلیان طرح بولگاری ,srd1179,83960000
491,ست حلقه ازدواج طلای زرد و سفید با نگین برلیان ,srd1178,127350000
492,ست حلقه ازدواج طلای زرد با نگین برلیان ,srd1177,124760000
493,ست حلقه ازدواج طلا سفید با نگین الماس تراش برلیان ,srd1176,124760000
494,ست حلقه ازدواج طلای زرد و سفید با نگین برلیان ,srd1175,94970000
495,ست حلقه ازدواج طلای زرد و سفید با نگین برلیان ,srd1173,138140000
496,ست حلقه ازدواج طلای زرد با نگین برلیان ,srd1172,73380000
497,ست حلقه ازدواج طلای زرد مات و براق با نگین برلیان ,srd1171,100370000
498,ست حلقه ازدواج طلا سفید با نگین برلیان ,srd1170,125190000
499,ست حلقه عروسی طلای زرد و سفید با نگین برلیان ,srd1169,51610000
500,ست حلقه عروسی طلای زرد با نگین برلیان طرح ورساچه ,srd1168,57630000
501,ست حلقه عروسی طلای سفید با نگین برلیان ,srd1167,61770000
502,ست حلقه عروسی طلای زرد و سفید با نگین برلیان ,srd1166,145190000
503,ست حلقه عروسی طلای رنگی و سفید با نگین برلیان ,srd1165,59080000
504,ست حلقه عروسی طلای زرد و سفید با نگین برلیان ,srd1164,70930000
505,ست حلقه عروسی با نگین الماس تراش برلیان ,srd1163,60940000
506,ست حلقه عروسی طلای سفید با نگین الماس تراش برلیان ,srd1162,69440000
507,ست حلقه عروسی طلای زرد و سفید با نگین برلیان ,srd1161,101370000
508,ست حلقه عروسی طلای مسی و سفید با نگین برلیان ,srd1160,90450000
509,ست حلقه عروسی طلای سفید با نگین برلیان ,srd1159,82090000
510,ست حلقه عروسی با نگین الماس تراش برلیان ,srd1158,69650000
511,حلقه ست عروسی طلای رزگلد و سفید با نگین برلیان ,srd1157,88240000
512,حلقه ست عروسی طلا با نگین الماس تراش برلیان ,srd1156,113200000
513,حلقه ست عروسی طلای زرد و سفید با نگین برلیان ,srd1155,71510000
514,حلقه ست عروسی طلای سفید با نگین برلیان ,srd1154,78360000
515,حلقه ست عروسی طلای زرد و سفید با نگین برلیان ,srd1153,68200000
516,حلقه ست عروسی طلای سفید با نگین برلیان ,srd1152,75660000
517,حلقه ست عروسی طلای زرد و سفید با نگین برلیان ,srd1151,92240000
518,حلقه ست عروسی طلای سفید با نگین برلیان ,srd1150,80840000
519,حلقه ست عروسی طلای زرد و سفید با نگین برلیان ,srd1149,90580000
520,حلقه ست عروسی طلای سفید با نگین برلیان ,srd1148,67370000
521,حلقه ست عروسی طلای زرد و سفید با نگین برلیان ,srd1147,73590000
522,حلقه ست عروسی طلای سفید با نگین برلیان ,srd1146,66120000
523,حلقه ست عروسی طلای زرد با نگین برلیان طرح قلب ,srd1145,59720000
524,حلقه ست عروسی طلای سفید با نگین برلیان طرح قلب ,srd1144,59720000
525,حلقه ست عروسی طلای زرد با نگین الماس تراش برلیان ,srd1143,63940000
526,حلقه ست عروسی طلا با نگین الماس تراش برلیان ,srd1142,55980000
527,حلقه ست عروسی طلای زرد با نگین الماس تراش برلیان ,srd1141,83860000
528,حلقه ست عروسی طلای سفید با نگین برلیان ,srd1140,86100000
529,حلقه ست عروسی طلای زرد با نگین برلیان ,srd1139,74050000
530,حلقه ست عروسی طلای سفید با نگین برلیان ,srd1138,73790000
531,حلقه ست عروسی طلای زرد و سفید با نگین برلیان ,srd1137,63250000
532,حلقه ست عروسی طلای زرد و سفید با نگین برلیان ,srd1136,86150000
533,حلقه ست عروسی طلای زرد با نگین برلیان ,srd1135,59350000
534,حلقه ست عروسی طلای سفید با نگین برلیان ,srd1134,57520000
535,حلقه ست عروسی طلای زرد با نگین برلیان ,srd1133,59720000
536,حلقه ست عروسی طلای سفید با نگین برلیان ,srd1132,51410000
537,حلقه ست عروسی طلای زرد با نگین برلیان ,srd1131,58840000
538,حلقه ست عروسی طلای سفید با نگین برلیان ,srd1130,74890000
539,حلقه ست عروسی طلای زرد با نگین برلیان ,srd1129,57500000
540,حلقه ست عروسی طلای سفید با نگین الماس تراش برلیان ,srd1128,61820000
541,حلقه ست عروسی با نگین الماس تراش برلیان ,srd1127,63940000
542,حلقه ست عروسی طلای سفید با نگین الماس برلیان ,srd1126,53060000
543,حلقه ست عروسی طلای زرد با نگین برلیان ,srd1125,52180000
544,حلقه ست عروسی طلای سفید با نگین الماس تراش برلیان ,srd1124,54170000
545,حلقه ست عروسی طلای زرد با نگین الماس تراش برلیان ,srd1123,59500000
546,حلقه ست عروسی طلای سفید با نگین الماس تراش برلیان ,srd1122,61390000
547,ست حلقه عروسی طلای سفید و زرد با نگین برلیان ,srd1121,67230000
548,ست حلقه عروسی طلای سفید و زرد با نگین برلیان طرح چنل ,srd1120,77130000
549,ست حلقه عروسی طلای سفید و زرد با نگین برلیان ,srd1119,77260000
550,ست حلقه عروسی طلای سفید و زرد با نگین برلیان ,srd1118,84170000
551,ست حلقه عروسی طلای زرد و سفید با نگین برلیان ,srd1117,54460000
552,ست حلقه عروسی طلای سفید و زرد با نگین برلیان ,srd1116,83000000
553,ست حلقه عروسی طلای سفید و زرد با نگین برلیان طرح ورساچی ,srd1115,83130000
554,ست حلقه عروسی طلای سفید و زرد با نگین برلیان ,srd1114,84170000
555,ست حلقه عروسی طلای سفید و زرد با نگین برلیان طرح پازل قلب ,srd1113,77390000
556,ست حلقه عروسی طلای سفید و گلی با نگین برلیان ,srd1112,64490000
557,ست حلقه عروسی طلای سفید و زرد با نگین برلیان ,srd1111,92770000
558,ست حلقه عروسی طلای سفید و زرد با نگین برلیان طرح بافت ,srd1110,168900000
559,ست حلقه عروسی طلای سفید و زرد با نگین برلیان  ,srd1109,85210000
560,ست حلقه عروسی طلای زرد و سفید با نگین برلیان ,srd1108,186820000
561,ست حلقه عروسی طلای رزگلد و سفید با نگین برلیان ,srd1107,84300000
562,ست حلقه عروسی طلای سفید دوتایی با نگین برلیان ,srd1106,47230000
563,ست حلقه عروسی طلای زرد و سفید با نگین برلیان ,srd1105,63320000
564,ست حلقه عروسی طلای رزگلد و سفید و زرد با نگین برلیان ,srd1104,82740000
565,ست حلقه عروسی طلای رزگلد و سفید با نگین برلیان ,srd1102,95620000
566,ست حلقه عروسی طلای زرد و سفید با نگین برلیان ,srd1101,169770000
567,ست حلقه عروسی سه تایی طلای رزگلد و سفید و زرد با نگین برلیان ,srd1100,56680000
568,ست حلقه عروسی طلای زرد و سفید با نگین برلیان طرح رومی ,srd1099,147750000
569,ست حلقه عروسی طلای رزگلد و سفید با نگین برلیان ,srd1098,59540000
570,ست حلقه عروسی طلای رزگلد و سفید با نگین برلیان ,srd1097,63120000
571,ست حلقه عروسی طلا زرد و سفید با نگین برلیان ,srd1096,85020000
572,ست حلقه عروسی طلا زرد و سفید با نگین برلیان ,srd1095,72310000
573,ست حلقه عروسی طلای زرد و سفید با نگین برلیان ,srd1094,86780000
574,ست حلقه عروسی طلا زرد و سفید با نگین برلیان ,srd1093,87560000
575,ست حلقه عروسی طلا زرد و سفید با نگین برلیان ,srd1092,87950000
576,ست حلقه عروسی طلای رزگلد و سفید با نگین برلیان ,srd1091,59150000
577,ست حلقه عروسی طلا زرد و سفید با نگین برلیان ,srd1090,101370000
578,ست حلقه عروسی طلا زرد و سفید با نگین برلیان ,srd1089,81430000
579,ست حلقه عروسی طلا رزگلد و سفید با نگین برلیان ,srd1088,96940000
580,ست حلقه عروسی طلا زرد و سفید با نگین برلیان ,srd1087,86450000
581, حلقه طلای ازدواج زرد و سفید با نگین الماس تراش برلیان ,srd1056,72700000
582,ست حلقه عروسی طلا سفید طرح پازل قلب الماس تراش برلیان ,srd1086,90780000
583,ست حلقه جدید ازدواج طلا زرد با نگین الماس تراش برلیان ,srd1085,71600000
584,حلقه ست نامزدی و عروسی طلا با نگین الماس تراش برلیان ,srd1084,82350000
585,حلقه ست نامزدی و عروسی طلا با نگین الماس تراش برلیان ,srd1083,101630000
586,حلقه ست نامزدی و عروسی طلا با نگین الماس تراش برلیان ,srd1082,84380000
587,حلقه ست نامزدی و عروسی طلا با نگین الماس تراش برلیان ,srd1081,57070000
588, حلقه عروسی طلا گلی و سفید با نگین الماس تراش برلیان ,srd1080,75050000
589, حلقه عروس داماد طلا سفید و زرد با نگین الماس تراش برلیان ,srd1079,67230000
590, حلقه عروس داماد طلای رزگلد و سفید با نگین الماس تراش برلیان ,srd1078,90420000
591,ست حلقه ازدواج طلا سفید و زرد با نگین الماس تراش برلیان ,srd1077,51590000
592,ست حلقه ازدواج طلای رزگلد و سفید با نگین الماس تراش برلیان ,srd1076,59410000
593,ست حلقه ازدواج طلا سفید و زرد با نگین الماس تراش برلیان ,srd1075,90420000
594,ست حلقه عروسی طلا سفید و زرد با نگین الماس تراش برلیان ,srd1074,72880000
595,ست حلقه ازدواج طلا سفید با نگین الماس تراش برلیان ,srd1073,64480000
596,ست حلقه عروسی طلای رزگلد با نگین الماس تراش برلیان ,srd1072,74310000
597,ست حلقه عروسی طلا سفید و رزگلد با نگین الماس تراش برلیان ,srd1071,51590000
598,ست حلقه عروسی طلا سفید و زرد با نگین الماس تراش برلیان ,srd1070,57070000
599,ست حلقه عروسی طلا سفید و زرد با نگین الماس ,srd1069,67230000
600,ست حلقه عروسی طلای رز گلد با نگین الماس تراش برلیان ,srd1068,56690000
601,ست حلقه عروسی طلا سفید و زرد با نگین الماس ,srd1067,69840000
602,ست حلقه ازدواج طلا سفید و زرد با نگین الماس تراش برلیان ,srd1066,57070000
603,ست حلقه عروسی طلا سفید و زرد با نگین الماس تراش برلیان ,srd1065,51590000
604,ست حلقه عروسی طلا سفید و رزگلد با نگین الماس تراش برلیان ,srd1064,72700000
605,ست حلقه عروسی طلا سفید و زرد با نگین الماس ,srd1063,61910000
606,ست حلقه ازدواج با اسامی عروس و داماد با نگین الماس تراش برلیان ,srd1062,38820000
607,ست حلقه عروسی طلا سفید و زرد با نگین الماس تراش برلیان ,srd1061,69370000
608,ست حلقه ازدواج طلا سفید و زرد با نگین الماس تراش برلیان ,srd1060,71610000
609,ست حلقه عروسی طلا سفید و زرد با نگین الماس تراش برلیان ,srd1059,77920000
610,ست حلقه عروسی طلا سفید و زرد با نگین الماس ,srd1058,38560000
611,ست حلقه ازدواج طلا سفید و زرد با نگین الماس تراش برلیان ,srd1057,69050000
612,ست حلقه عروسی طلا سفید و زرد با نگین الماس ,srde1056,77780000
613,ست حلقه عروسی طلا سفید و زرد با نگین الماس ,srd1055,64480000
614,ست حلقه عروسی طلا سفید و رزگلد با نگین الماس ,srd1054,61240000
615,ست حلقه عروسی طلا سفید و زرد با نگین الماس ,srd1053,63840000
616,ست حلقه عروسی طلا سفید و رزگلد با نگین الماس تراش برلیان ,srd1052,64620000
617,ست حلقه ازدواج طلا سفید و زرد با نگین الماس ,srd1051,51590000
618,ست حلقه طلا سفید با نگین الماس تراش برلیان طرح پازل قلب ,srd1037,57230000
