,Model,WeightPure,WeightBrilliant,KindBrilliant,ColourDegree,Guaranty,StandardCode
0,srd1662,18/140,1/19 قیراط,برلیان سفید پاک,F.G,طلایی مادام العمر,905
1,srd1661,12/720,1/00 سوت,برلیان سفید پاک,F.G,طلایی مادام العمر,905
2,srd1660,18/270,0/67 سوت,برلیان سفید پاک,F.G,طلایی مادام العمر,905
3,srd1659,16/630,0/91 سوت,برلیان سفید پاک,F.G,طلایی مادام العمر,905
4,srd1658,16/460,0/47 سوت,برلیان سفید پاک,F.G,طلایی مادام العمر,905
5,srd1657,17/840,1/19 قیراط,برلیان سفید پاک,F.G,طلایی مادام العمر,905
6,srd1656,21/870,0/39 سوت,برلیان سفید پاک,F.G,طلایی مادام العمر,905
7,srd1655,16/520,0/50 سوت,برلیان سفید پاک,F.G,طلایی مادام العمر,905
8,srd1654,16/880,0/41 سوت,برلیان سفید پاک,F.G,طلایی مادام العمر,905
9,srd1653,15/480,0/97 سوت,برلیان سفید پاک,F.G,طلایی مادام العمر,905
10,srd1652,12/390,0/61 سوت,برلیان سفید پاک,F.G,طلایی مادام العمر,905
11,srd1651,17/590,0/76 سوت,برلیان سفید پاک,F.G,طلایی مادام العمر,905
12,srd1650,19/210,0/35 سوت,برلیان سفید پاک,F.G,طلایی مادام العمر,905
13,srd1649,17/490,0/35 سوت,برلیان سفید پاک,F.G,طلایی مادام العمر,905
14,srd1648,21/250,0/45 سوت,برلیان سفید پاک,F.G,طلایی مادام العمر,905
15,srd1647,14/590,0/09 سوت,برلیان سفید پاک,F.G,طلایی مادام العمر,905
16,srd1645,14/820,0/84 سوت,برلیان سفید پاک,F.G,طلایی مادام العمر,905
17,srd1644,19/140,0/92 سوت,برلیان سفید پاک,F.G,طلایی مادام العمر,905
18,srd1643,13/260,0/20 سوت,برلیان سفید پاک,F.G,طلایی مادام العمر,905
19,srd1642,20/040,0/80 سوت,برلیان سفید پاک,F.G,طلایی مادام العمر,905
20,srd1641,13/850,1/36 قیراط,برلیان سفید پاک,F.G,طلایی مادام العمر,905
21,srd1640,13/440,1/32 قیراط,برلیان سفید پاک,F.G,طلایی مادام العمر,905
22,srd1639,18/460,1/81 قیراط,برلیان سفید پاک,F.G,طلایی مادام العمر,905
23,srd1638,14/350,1/41 قیراط,برلیان سفید پاک,F.G,طلایی مادام العمر,905
24,srd1637,15/790,1/55 قیراط,برلیان سفید پاک,F.G,طلایی مادام العمر,905
25,srd1636,14/350,1/41 قیراط,برلیان سفید پاک,F.G,طلایی مادام العمر,905
26,srd1635,11/690,1/15 قیراط,برلیان سفید پاک,F.G,طلایی مادام العمر,905
27,srd1634,15/220,0/44 سوت,برلیان سفید پاک,F.G,طلایی مادام العمر,905
28,srd1633,8/490,0/83 سوت,برلیان سفید پاک,F.G,طلایی مادام العمر,905
29,srd1632,11/450,1/12 قیراط,برلیان سفید پاک,F.G,طلایی مادام العمر,905
30,srd1631,11/450,1/12 قیراط,برلیان سفید پاک,F.G,طلایی مادام العمر,905
31,srd1631,7/850,0/77 سوت,برلیان سفید پاک,F.G,طلایی مادام العمر,905
32,srd1630,29/560,2/90 قیراط,برلیان سفید پاک,F.G,طلایی مادام العمر,905
33,srd1629,8/560,0/84 سوت,برلیان سفید پاک,F.G,طلایی مادام العمر,905
34,srd1628,6/630,0/65 سوت,برلیان سفید پاک,F.G,طلایی مادام العمر,905
35,srd1627,10/840,1/06 قیراط,برلیان سفید پاک,F.G,طلایی مادام العمر,905
36,srd1626,8/050,0/79 سوت,برلیان سفید پاک,F.G,طلایی مادام العمر,905
37,srd1625,13/490,1/32 قیراط,برلیان سفید پاک,F.G,طلایی مادام العمر,905
38,srd1624,8/490,0/83 سوت,برلیان سفید پاک,F.G,طلایی مادام العمر,905
39,srd1624,17/710,1/47 قیراط,برلیان سفید پاک,F.G,طلایی مادام العمر,905
40,srd1623,15/490,1/52 قیراط,برلیان سفید پاک,F.G,طلایی مادام العمر,905
41,srd1622,22/080,2/16 قیراط,برلیان سفید پاک,F.G,طلایی مادام العمر,905
42,srd1621,14/610,1/43 قیراط,برلیان سفید پاک,F.G,طلایی مادام العمر,905
43,srd1620,16/650,1/63 قیراط,برلیان سفید پاک,F.G,طلایی مادام العمر,905
44,srd1619,12/780,1/25 قیراط,برلیان سفید پاک,F.G,طلایی مادام العمر,905
45,srd1618,16/990,1/67 قیراط,برلیان سفید پاک,F.G,طلایی مادام العمر,905
46,srd1617,11/420,1/12 قیراط,برلیان سفید پاک,F.G,طلایی مادام العمر,905
47,srd1616,16/990,1/67 قیراط,برلیان سفید پاک,F.G,طلایی مادام العمر,905
48,srd1615,11/890,1/17 قیراط,برلیان سفید پاک,F.G,طلایی مادام العمر,905
49,srd1614,10/740,1/05 قیراط,برلیان سفید پاک,F.G,طلایی مادام العمر,905
50,srd1613,19/430,1/90 قیراط,برلیان سفید پاک,F.G,طلایی مادام العمر,905
51,srd1612,19/040,1/87 قیراط,برلیان سفید پاک,F.G,طلایی مادام العمر,905
52,srd1611,14/700,1/44 قیراط,برلیان سفید پاک,F.G,طلایی مادام العمر,905
53,srd1610,13/570,1/33 قیراط,برلیان سفید پاک,F.G,طلایی مادام العمر,905
54,srd1609,12/730,1/25 قیراط,برلیان سفید پاک,F.G,طلایی مادام العمر,905
55,srd1608,7/820,0/77 سوت,برلیان سفید پاک,F.G,طلایی مادام العمر,905
56,srd1607,10/540,1/03 قیراط,برلیان سفید پاک,F.G,طلایی مادام العمر,905
57,srd1606,6/970,0/68 سوت,برلیان سفید پاک,F.G,طلایی مادام العمر,905
58,srd1605,10/230,1/00 قیراط,برلیان سفید پاک,F.G,طلایی مادام العمر,905
59,srd1604,8/940,0/88 سوت,برلیان سفید پاک,F.G,طلایی مادام العمر,905
60,srd1603,5/230,0/51 سوت,برلیان سفید پاک,F.G,طلایی مادام العمر,905
61,srd1602,10/110,0/99 سوت,برلیان سفید پاک,F.G,طلایی مادام العمر,905
62,srd1601,11/890,1/17 قیراط,برلیان سفید پاک,F.G,طلایی مادام العمر,905
63,srd1600,10/870,1/06 قیراط,برلیان سفید پاک,F.G,طلایی مادام العمر,905
64,srd1599,12/000,1/18 قیراط,برلیان سفید پاک,F.G,طلایی مادام العمر,905
65,srd1598,10/570,1/04 قیراط,برلیان سفید پاک,F.G,طلایی مادام العمر,905
66,srd1597,11/960,1/17 قیراط,برلیان سفید پاک,F.G,طلایی مادام العمر,905
67,srd1596,12/540,1/23 قیراط,برلیان سفید پاک,F.G,طلایی مادام العمر,905
68,srd1595,10/420,1/02 قیراط,برلیان سفید پاک,F.G,طلایی مادام العمر,905
69,srd1594,8/640,0/85 سوت,برلیان سفید پاک,F.G,طلایی مادام العمر,905
70,srd1593,10/960,1/07 قیراط,برلیان سفید پاک,F.G,طلایی مادام العمر,905
71,srd1592,8/930,0/88 سوت,برلیان سفید پاک,F.G,طلایی مادام العمر,905
72,srd1591,11/640,1/14 قیراط,برلیان سفید پاک,F.G,طلایی مادام العمر,905
73,srd1590,9/670,0/95 سوت,برلیان سفید پاک,F.G,طلایی مادام العمر,905
74,srd1589,11/050,1/08 قیراط,برلیان سفید پاک,F.G,طلایی مادام العمر,905
75,srd1588,8/780,0/86 سوت,برلیان سفید پاک,F.G,طلایی مادام العمر,905
76,srd1587,31/820,0/78 سوت,برلیان سفید پاک,F.G,طلایی مادام العمر,905
77,srd1586,8/700,0/85 سوت,برلیان سفید پاک,F.G,طلایی مادام العمر,905
78,srd1585,22/150,0/24 سوت,برلیان سفید پاک,F.G,طلایی مادام العمر,905
79,srd1584,9/670,0/95 سوت,برلیان سفید پاک,F.G,طلایی مادام العمر,905
80,srd1583,13/040,1/28 قیراط,برلیان سفید پاک,F.G,طلایی مادام العمر,905
81,srd1582,9/640,0/94 سوت,برلیان سفید پاک,F.G,طلایی مادام العمر,905
82,srd1581,15/390,1/51 قیراط,برلیان سفید پاک,F.G,طلایی مادام العمر,905
83,srd1580,9/640,0/94 سوت,برلیان سفید پاک,F.G,طلایی مادام العمر,905
84,srd1579,6/540,0/64 سوت,برلیان سفید پاک,F.G,طلایی مادام العمر,905
85,srd1578,11/060,1/08 قیراط,برلیان سفید پاک,F.G,طلایی مادام العمر,905
86,srd1577,9/820,0/96 سوت,برلیان سفید پاک,F.G,طلایی مادام العمر,905
87,srd1576,9/790,0/96 سوت,برلیان سفید پاک,F.G,طلایی مادام العمر,905
88,srd1575,12/660,1/24 قیراط,برلیان سفید پاک,F.G,طلایی مادام العمر,905
89,srd1574,8/930,0/87 سوت,برلیان سفید پاک,F.G,طلایی مادام العمر,905
90,srd1573,9/790,0/96 سوت,برلیان سفید پاک,F.G,طلایی مادام العمر,905
91,srd1572,11/220,1/10 قیراط,برلیان سفید پاک,F.G,طلایی مادام العمر,905
92,srd1571,11/960,1/17 قیراط,برلیان سفید پاک,F.G,طلایی مادام العمر,905
93,srd1570,11/960,1/17 قیراط,برلیان سفید پاک,F.G,طلایی مادام العمر,905
94,srd1569,11/870,1/16 قیراط,برلیان سفید پاک,F.G,طلایی مادام العمر,905
95,srd1568,9/030,0/89 سوت,برلیان سفید پاک,F.G,طلایی مادام العمر,905
96,srd1567,5/160,0/51 سوت,برلیان سفید پاک,F.G,طلایی مادام العمر,905
97,srd1566,6/980,0/68 سوت,برلیان سفید پاک,F.G,طلایی مادام العمر,905
98,srd1565,8/770,0/86 سوت,برلیان سفید پاک,F.G,طلایی مادام العمر,905
99,srd1564,14/120,1/38 قیراط,برلیان سفید پاک,F.G,طلایی مادام العمر,905
100,srd1563,7/880,0/77 سوت,برلیان سفید پاک,F.G,طلایی مادام العمر,905
101,srd1562,13/420,1/32 قیراط,برلیان سفید پاک,F.G,طلایی مادام العمر,905
102,srd1561,9/340,0/92 سوت,برلیان سفید پاک,F.G,طلایی مادام العمر,905
103,srd1560,10/260,1/01 قیراط,برلیان سفید پاک,F.G,طلایی مادام العمر,905
104,srd1559,15/500,1/52 قیراط,برلیان سفید پاک,F.G,طلایی مادام العمر,905
105,srd1558,9/310,0/91 سوت,برلیان سفید پاک,F.G,طلایی مادام العمر,905
106,srd1557,7/380,0/72 سوت,برلیان سفید پاک,F.G,طلایی مادام العمر,905
107,srd1556,9/730,0/95 سوت,برلیان سفید پاک,F.G,طلایی مادام العمر,905
108,srd1555,8/500,0/83 سوت,برلیان سفید پاک,F.G,طلایی مادام العمر,905
109,srd1554,13/970,1/37 قیراط,برلیان سفید پاک,F.G,طلایی مادام العمر,905
110,srd1553,11/860,1/16 قیراط,برلیان سفید پاک,F.G,طلایی مادام العمر,905
111,srd1552,10/510,1/03 قیراط,برلیان سفید پاک,F.G,طلایی مادام العمر,905
112,srd1551,10/180,1/00 سوت,برلیان سفید پاک,F.G,طلایی مادام العمر,905
113,srd1550,9/970,0/98 سوت,برلیان سفید پاک,F.G,طلایی مادام العمر,905
114,srd1549,18/140,1/19 قیراط,برلیان سفید پاک,F.G,طلایی مادام العمر,905
115,srd1548,10/400,1/02 قیراط,برلیان سفید پاک,F.G,طلایی مادام العمر,905
116,srd1547,14/380,1/41 قیراط,برلیان سفید پاک,F.G,طلایی مادام العمر,905
117,srd1546,11/070,1/08 قیراط,برلیان سفید پاک,F.G,طلایی مادام العمر,905
118,srd1545,8/660,0/85 سوت,برلیان سفید پاک,F.G,طلایی مادام العمر,905
119,srd1544,8/370,0/82 سوت,برلیان سفید پاک,F.G,طلایی مادام العمر,905
120,srd1543,6/310,0/62 سوت,برلیان سفید پاک,F.G,طلایی مادام العمر,905
121,srd1542,12/910,1/27 قیراط,برلیان سفید پاک,F.G,طلایی مادام العمر,905
122,srd1541,22/610,0/71 سوت,برلیان سفید پاک,F.G,طلایی مادام العمر,905
123,srd1540,10/330,1/01 قیراط,برلیان سفید پاک,F.G,طلایی مادام العمر,905
124,srd1539,6/280,0/62 سوت,برلیان سفید پاک,F.G,طلایی مادام العمر,905
125,srd1538,5/880,0/58 سوت,برلیان سفید پاک,F.G,طلایی مادام العمر,905
126,srd1537,8/810,0/86 سوت,برلیان سفید پاک,F.G,طلایی مادام العمر,905
127,srd1536,8/110,0/79 سوت,برلیان سفید پاک,F.G,طلایی مادام العمر,905
128,srd1535,6/370,0/62 سوت,برلیان سفید پاک,F.G,طلایی مادام العمر,905
129,srd1534,6/470,0/63 سوت,برلیان سفید پاک,F.G,طلایی مادام العمر,905
130,srd1533,7/220,0/71 سوت,برلیان سفید پاک,F.G,طلایی مادام العمر,905
131,srd1532,6/310,0/62 سوت,برلیان سفید پاک,F.G,طلایی مادام العمر,905
132,srd1531,6/880,0/67 سوت,برلیان سفید پاک,F.G,طلایی مادام العمر,905
133,srd1530,8/740,0/86 سوت,برلیان سفید پاک,F.G,طلایی مادام العمر,905
134,srd1529,5/970,0/58 سوت,برلیان سفید پاک,F.G,طلایی مادام العمر,905
135,srd1528,12/170,1/19 قیراط,برلیان سفید پاک,F.G,طلایی مادام العمر,905
136,srd1527,10/490,1/03 قیراط,برلیان سفید پاک,F.G,طلایی مادام العمر,905
137,srd1526,9/480,0/93 سوت,برلیان سفید پاک,F.G,طلایی مادام العمر,905
138,srd1525,8/840,0/87 سوت,برلیان سفید پاک,F.G,طلایی مادام العمر,905
139,srd1524,10/860,1/06 قیراط,برلیان سفید پاک,F.G,طلایی مادام العمر,905
140,srd1523,8/620,0/84 سوت,برلیان سفید پاک,F.G,طلایی مادام العمر,905
141,srd1522,10/640,1/04 قیراط,برلیان سفید پاک,F.G,طلایی مادام العمر,905
142,srd1521,9/010,0/88 سوت,برلیان سفید پاک,F.G,طلایی مادام العمر,905
143,srd1520,12/050,1/18 قیراط,برلیان سفید پاک,F.G,طلایی مادام العمر,905
144,srd1519,12/560,1/23 قیراط,برلیان سفید پاک,F.G,طلایی مادام العمر,905
145,srd1518,9/510,0/93 سوت,برلیان سفید پاک,F.G,طلایی مادام العمر,905
146,srd1517,7/830,0/77 سوت,برلیان سفید پاک,F.G,طلایی مادام العمر,905
147,srd1516,10/790,1/06 قیراط,برلیان سفید پاک,F.G,طلایی مادام العمر,905
148,srd1515,8/750,0/86 سوت,برلیان سفید پاک,F.G,طلایی مادام العمر,905
149,srd1514,8/860,0/87 سوت,برلیان سفید پاک,F.G,طلایی مادام العمر,905
150,srd1513,13/220,1/30 قیراط,برلیان سفید پاک,F.G,طلایی مادام العمر,905
151,srd1512,13/810,1/35 قیراط,برلیان سفید پاک,F.G,طلایی مادام العمر,905
152,srd1511,15/540,1/52 قیراط,برلیان سفید پاک,F.G,طلایی مادام العمر,905
153,srd1510,12/960,1/27 قیراط,برلیان سفید پاک,F.G,طلایی مادام العمر,905
154,srd1509,12/950,1/27 قیراط,برلیان سفید پاک,F.G,طلایی مادام العمر,905
155,srd1508,9/010,0/88 سوت,برلیان سفید پاک,F.G,طلایی مادام العمر,905
156,srd1507,11/550,1/13 قیراط,برلیان سفید پاک,F.G,طلایی مادام العمر,905
157,srd1506,9/870,0/97 سوت,برلیان سفید پاک,F.G,طلایی مادام العمر,905
158,srd1505,13/450,1/32 قیراط,برلیان سفید پاک,F.G,طلایی مادام العمر,905
159,srd1504,12/800,1/25 قیراط,برلیان سفید پاک,F.G,طلایی مادام العمر,905
160,srd1503,6/480,0/64 سوت,برلیان سفید پاک,F.G,طلایی مادام العمر,905
161,srd1502,21/550,2/11 قیراط,برلیان سفید پاک,F.G,طلایی مادام العمر,905
162,srd1501,20/030,1/96 قیراط,برلیان سفید پاک,F.G,طلایی مادام العمر,905
163,srd1500,19/990,1/96 قیراط,برلیان سفید پاک,F.G,طلایی مادام العمر,905
164,srd1499,21/510,2/11 قیراط,برلیان سفید پاک,F.G,طلایی مادام العمر,905
165,srd1498,26/840,2/63 قیراط,برلیان سفید پاک,F.G,طلایی مادام العمر,905
166,srd1497,18/190,1/78 قیراط,برلیان سفید پاک,F.G,طلایی مادام العمر,905
167,srd1496,17/080,1/67 قیراط,برلیان سفید پاک,F.G,طلایی مادام العمر,905
168,srd1495,19/900,1/95 قیراط,برلیان سفید پاک,F.G,طلایی مادام العمر,905
169,srd1494,20/840,2/04 قیراط,برلیان سفید پاک,F.G,طلایی مادام العمر,905
170,srd1493,20/950,2/05 قیراط,برلیان سفید پاک,F.G,طلایی مادام العمر,905
171,srd1492,12/110,1/45 قیراط,برلیان سفید پاک,F.G,طلایی مادام العمر,905
172,srd1491,12/390,1/21 قیراط,برلیان سفید پاک,F.G,طلایی مادام العمر,905
173,srd1490,15/670,1/54 قیراط,برلیان سفید پاک,F.G,طلایی مادام العمر,905
174,srd10489,20/650,2/02 قیراط,برلیان سفید پاک,F.G,طلایی مادام العمر,905
175,srd1489,15/690,1/54 قیراط,برلیان سفید پاک,F.G,طلایی مادام العمر,905
176,srd1488,13/070,1/28 قیراط,برلیان سفید پاک,F.G,طلایی مادام العمر,905
177,srd1487,13/370,1/31 قیراط,برلیان سفید پاک,F.G,طلایی مادام العمر,905
178,srd1486,16/520,1/62 قیراط,برلیان سفید پاک,F.G,طلایی مادام العمر,905
179,srd1485,12/930,1/27 قیراط,برلیان سفید پاک,F.G,طلایی مادام العمر,905
180,srd1484,16/710,1/64 قیراط,برلیان سفید پاک,F.G,طلایی مادام العمر,905
181,srd1483,15/860,1/55 قیراط,برلیان سفید پاک,F.G,طلایی مادام العمر,905
182,srd1482,13/370,1/31 قیراط,برلیان سفید پاک,F.G,طلایی مادام العمر,905
183,srd1481,13/440,1/32 قیراط,برلیان سفید پاک,F.G,طلایی مادام العمر,905
184,srd1480,13/890,1/36 قیراط,برلیان سفید پاک,F.G,طلایی مادام العمر,905
185,srd1479,15/870,2/46 قیراط,برلیان سفید پاک,F.G,طلایی مادام العمر,905
186,srd1478,16/140,1/58 قیراط,برلیان سفید پاک,F.G,طلایی مادام العمر,905
187,srd1477,21/020,2/06 قیراط,برلیان سفید پاک,F.G,طلایی مادام العمر,905
188,srd1476,18/400,1/80 قیراط,برلیان سفید پاک,F.G,طلایی مادام العمر,905
189,srd1475,17/360,1/70 قیراط,برلیان سفید پاک,F.G,طلایی مادام العمر,905
190,srd1474,11/000,1/08 قیراط,برلیان سفید پاک,F.G,طلایی مادام العمر,905
191,srd1473,10/510,1/03 قیراط,برلیان سفید پاک,F.G,طلایی مادام العمر,905
192,srd1472,14/920,1/46 قیراط,برلیان سفید پاک,F.G,طلایی مادام العمر,905
193,srd1470,14/640,1/44 قیراط,برلیان سفید پاک,F.G,طلایی مادام العمر,905
194,srd1471,15/860,1/55 قیراط,برلیان سفید پاک,F.G,طلایی مادام العمر,905
195,srd1469,18/490,1/81 قیراط,برلیان سفید پاک,F.G,طلایی مادام العمر,905
196,srd1468,15/860,1/55 قیراط,برلیان سفید پاک,F.G,طلایی مادام العمر,905
197,srd1467,23/110,2/26 قیراط,برلیان سفید پاک,F.G,طلایی مادام العمر,905
198,srd1466,20/460,2/01 قیراط,برلیان سفید پاک,F.G,طلایی مادام العمر,905
199,srd1465,14/920,1/46 قیراط,برلیان سفید پاک,F.G,طلایی مادام العمر,905
200,srd1464,14/830,2/91 قیراط,برلیان سفید پاک,F.G,طلایی مادام العمر,905
201,srd1463,12/310,1/21 قیراط,برلیان سفید پاک,F.G,طلایی مادام العمر,905
202,srd1462,33/230,3/26 قیراط,برلیان سفید پاک,F.G,طلایی مادام العمر,905
203,srd1461,20/280,0/99 سوت,برلیان سفید پاک,F.G,طلایی مادام العمر,905
204,srd1460,25/340,2/48 قیراط,برلیان سفید پاک,F.G,طلایی مادام العمر,905
205,srd1459,14/360,1/41 قیراط,برلیان سفید پاک,F.G,طلایی مادام العمر,905
206,srd1458,20/800,1/41 قیراط,برلیان سفید پاک,F.G,طلایی مادام العمر,905
207,srd1457,25/530,2/50 قیراط,برلیان سفید پاک,F.G,طلایی مادام العمر,905
208,srd1456,12/980,2/16 قیراط,برلیان سفید پاک,F.G,طلایی مادام العمر,905
209,srd1455,14/270,2/07 قیراط,برلیان سفید پاک,F.G,طلایی مادام العمر,905
210,srd1454,28/550,2/80 قیراط,برلیان سفید پاک,F.G,طلایی مادام العمر,905
211,srd1453,9/310,0/91 سوت,برلیان سفید پاک,F.G,طلایی مادام العمر,905
212,srd1452,15/490,1/52 قیراط,برلیان سفید پاک,F.G,طلایی مادام العمر,905
213,srd1451,19/060,0/98 سوت,برلیان سفید پاک,F.G,طلایی مادام العمر,905
214,srd1450,13/610,1/33 قیراط,برلیان سفید پاک,F.G,طلایی مادام العمر,905
215,srd1449,19/380,0/24 سوت,برلیان سفید پاک,F.G,طلایی مادام العمر,905
216,srd1448,11/490,1/13 قیراط,برلیان سفید پاک,F.G,طلایی مادام العمر,905
217,srd1447,11/240,1/10 قیراط,برلیان سفید پاک,F.G,طلایی مادام العمر,905
218,srd1446,13/890,1/36 قیراط,برلیان سفید پاک,F.G,طلایی مادام العمر,905
219,srd1445,10/040,0/98 سوت,برلیان سفید پاک,F.G,طلایی مادام العمر,905
220,srd1444,10/590,1/04 قیراط,برلیان سفید پاک,F.G,طلایی مادام العمر,905
221,srd1443,8/640,0/85 سوت,برلیان سفید پاک,F.G,طلایی مادام العمر,905
222,srd1442,14/460,0/31 سوت,برلیان سفید پاک,F.G,طلایی مادام العمر,905
223,srd1441,11/170,1/09 قیراط,برلیان سفید پاک,F.G,طلایی مادام العمر,905
224,srd1440,9/310,0/91 سوت,برلیان سفید پاک,F.G,طلایی مادام العمر,905
225,srd1439,11/080,1/09 قیراط,برلیان سفید پاک,F.G,طلایی مادام العمر,905
226,srd1438,9/200,0/90 سوت,برلیان سفید پاک,F.G,طلایی مادام العمر,905
227,srd1437,10/830,1/06 قیراط,برلیان سفید پاک,F.G,طلایی مادام العمر,905
228,srd1436,18/840,0/68 سوت,برلیان سفید پاک,F.G,طلایی مادام العمر,905
229,srd1435,22/680,0/35 سوت,برلیان سفید پاک,F.G,طلایی مادام العمر,905
230,srd1434,13/870,1/36 قیراط,برلیان سفید پاک,F.G,طلایی مادام العمر,905
231,srd1433,7/880,0/77 سوت,برلیان سفید پاک,F.G,طلایی مادام العمر,905
232,srd1432,10/960,1/07 قیراط,برلیان سفید پاک,F.G,طلایی مادام العمر,905
233,srd1431,10/120,0/99 سوت,برلیان سفید پاک,F.G,طلایی مادام العمر,905
234,srd1430,8/730,0/86 سوت,برلیان سفید پاک,F.G,طلایی مادام العمر,905
235,srd1429,15/110,1/48 قیراط,برلیان سفید پاک,F.G,طلایی مادام العمر,905
236,srd1428,22/670,2/22 قیراط,برلیان سفید پاک,F.G,طلایی مادام العمر,905
237,srd1427,8/910,0/87 سوت,برلیان سفید پاک,F.G,طلایی مادام العمر,905
238,srd1426,13/950,1/37 قیراط,برلیان سفید پاک,F.G,طلایی مادام العمر,905
239,srd1425,7/610,0/75 سوت,برلیان سفید پاک,F.G,طلایی مادام العمر,905
240,srd1424,18/240,0/73 سوت,برلیان سفید پاک,F.G,طلایی مادام العمر,905
241,srd1423,15/030,1/47 قیراط,برلیان سفید پاک,F.G,طلایی مادام العمر,905
242,srd1422,8/820,0/86 سوت,برلیان سفید پاک,F.G,طلایی مادام العمر,905
243,srd1421,19/000,0/59 سوت,برلیان سفید پاک,F.G,طلایی مادام العمر,905
244,srd10420,9/720,0/95 سوت,برلیان سفید پاک,F.G,طلایی مادام العمر,905
245,srd14191,22/000,0/66 سوت,برلیان سفید پاک,F.G,طلایی مادام العمر,905
246,srd141008,7/560,0/74 سوت,برلیان سفید پاک,F.G,طلایی مادام العمر,905
247,srd1420,14/800,1/45 قیراط,برلیان سفید پاک,F.G,طلایی مادام العمر,905
248,srd1419,23/850,0/71 سوت,برلیان سفید پاک,F.G,طلایی مادام العمر,905
249,srd1418,9/440,0/93 سوت,برلیان سفید پاک,F.G,طلایی مادام العمر,905
250,srd1417,12/360,1/21 قیراط,برلیان سفید پاک,F.G,طلایی مادام العمر,905
251,srd1416,13/040,1/28 قیراط,برلیان سفید پاک,F.G,طلایی مادام العمر,905
252,srd1415,11/600,1/14 قیراط,برلیان سفید پاک,F.G,طلایی مادام العمر,905
253,srd1414,9/250,0/91 سوت,برلیان سفید پاک,F.G,طلایی مادام العمر,905
254,srd1413,10/030,0/98 سوت,برلیان سفید پاک,F.G,طلایی مادام العمر,905
255,srd1412,6/740,0/66 سوت,برلیان سفید پاک,F.G,طلایی مادام العمر,905
256,srd1411,11/390,1/12 قیراط,برلیان سفید پاک,F.G,طلایی مادام العمر,905
257,srd1410,13/240,0/26 سوت,برلیان سفید پاک,F.G,طلایی مادام العمر,905
258,srd1409,8/020,0/79 سوت,برلیان سفید پاک,F.G,طلایی مادام العمر,905
259,srd1408,15/710,1/54 قیراط,برلیان سفید پاک,F.G,طلایی مادام العمر,905
260,srd1407,12/070,1/18 قیراط,برلیان سفید پاک,F.G,طلایی مادام العمر,905
261,srd1406,13/910,1/36 قیراط,برلیان سفید پاک,F.G,طلایی مادام العمر,905
262,srd1405,12/990,1/27 قیراط,برلیان سفید پاک,F.G,طلایی مادام العمر,905
263,srd1404,10/120,0/99 سوت,برلیان سفید پاک,F.G,طلایی مادام العمر,905
264,srd1403,10/000,0/98 سوت,برلیان سفید پاک,F.G,طلایی مادام العمر,905
265,srd1402,12/580,1/23 قیراط,برلیان سفید پاک,F.G,طلایی مادام العمر,905
266,srd1401,10/000,0/98 سوت,برلیان سفید پاک,F.G,طلایی مادام العمر,905
267,srd1400,12/560,1/23 قیراط,برلیان سفید پاک,F.G,طلایی مادام العمر,905
268,srd1399,10/430,1/02 قیراط,برلیان سفید پاک,F.G,طلایی مادام العمر,905
269,srd1398,11/620,1/14 قیراط,برلیان سفید پاک,F.G,طلایی مادام العمر,905
270,srd1397,9/570,0/94 سوت,برلیان سفید پاک,F.G,طلایی مادام العمر,905
271,srd1396,14/360,1/41 قیراط,برلیان سفید پاک,F.G,طلایی مادام العمر,905
272,srd1395,18/470,1/81 قیراط,برلیان سفید پاک,F.G,طلایی مادام العمر,905
273,srd1394,17/480,1/71 قیراط,برلیان سفید پاک,F.G,طلایی مادام العمر,905
274,srd1393,9/530,0/93 سوت,برلیان سفید پاک,F.G,طلایی مادام العمر,905
275,srd1392,10/710,1/05 قیراط,برلیان سفید پاک,F.G,طلایی مادام العمر,905
276,srd1391,11/690,1/15 قیراط,برلیان سفید پاک,F.G,طلایی مادام العمر,905
277,srd1390,10/780,1/06 قیراط,برلیان سفید پاک,F.G,طلایی مادام العمر,905
278,srd1389,9/610,0/94 سوت,برلیان سفید پاک,F.G,طلایی مادام العمر,905
279,srd1388,6/580,0/64 سوت,برلیان سفید پاک,F.G,طلایی مادام العمر,905
280,srd1387,10/710,1/05 قیراط,برلیان سفید پاک,F.G,طلایی مادام العمر,905
281,srd1386,5/870,0/58 سوت,برلیان سفید پاک,F.G,طلایی مادام العمر,905
282,srd1385,9/530,0/93 سوت,برلیان سفید پاک,F.G,طلایی مادام العمر,905
283,srd1384,16/900,1/66 قیراط,برلیان سفید پاک,F.G,طلایی مادام العمر,905
284,srd1383,17/090,1/68 قیراط,برلیان سفید پاک,F.G,طلایی مادام العمر,905
285,srd1382,18/190,1/78 قیراط,برلیان سفید پاک,F.G,طلایی مادام العمر,905
286,srd1381,18/000,1/76 قیراط,برلیان سفید پاک,F.G,طلایی مادام العمر,905
287,srd1380,6/930,0/68 سوت,برلیان سفید پاک,F.G,طلایی مادام العمر,905
288,srd1379,11/140,1/09 قیراط,برلیان سفید پاک,F.G,طلایی مادام العمر,905
289,srd1378,9/600,0/94 سوت,برلیان سفید پاک,F.G,طلایی مادام العمر,905
290,srd1377,10/590,1/04 قیراط,برلیان سفید پاک,F.G,طلایی مادام العمر,905
291,srd1376,11/450,1/12 قیراط,برلیان سفید پاک,F.G,طلایی مادام العمر,905
292,srd1375,11/530,1/13 قیراط,برلیان سفید پاک,F.G,طلایی مادام العمر,905
293,srd1374,20/020,1/96 قیراط,برلیان سفید پاک,F.G,طلایی مادام العمر,905
294,srd1373,11/260,1/10 قیراط,برلیان سفید پاک,F.G,طلایی مادام العمر,905
295,srd1372,15/280,1/50 قیراط,برلیان سفید پاک,F.G,طلایی مادام العمر,905
296,srd1371,14/620,1/43 قیراط,برلیان سفید پاک,F.G,طلایی مادام العمر,905
297,srd1370,17/240,1/06 قیراط,برلیان سفید پاک,F.G,طلایی مادام العمر,905
298,srd1369,10/530,1/03 قیراط,برلیان سفید پاک,F.G,طلایی مادام العمر,905
299,srd1368,7/360,0/72 سوت,برلیان سفید پاک,F.G,طلایی مادام العمر,905
300,srd1367,9/220,0/90 سوت,برلیان سفید پاک,F.G,طلایی مادام العمر,905
301,srd1366,8/980,0/88 سوت,برلیان سفید پاک,F.G,طلایی مادام العمر,905
302,srd1365,8/830,0/87 سوت,برلیان سفید پاک,F.G,طلایی مادام العمر,905
303,srd1364,15/560,1/53 قیراط,برلیان سفید پاک,F.G,طلایی مادام العمر,905
304,srd1363,15/000,1/47 قیراط,برلیان سفید پاک,F.G,طلایی مادام العمر,905
305,srd1362,8/770,0/86 سوت,برلیان سفید پاک,F.G,طلایی مادام العمر,905
306,srd1361,14/980,1/47 قیراط,برلیان سفید پاک,F.G,طلایی مادام العمر,905
307,srd1360,12/720,1/25 قیراط,برلیان سفید پاک,F.G,طلایی مادام العمر,905
308,srd1359,10/360,1/02 قیراط,برلیان سفید پاک,F.G,طلایی مادام العمر,905
309,srd1358,10/250,1/00 قیراط,برلیان سفید پاک,F.G,طلایی مادام العمر,905
310,srd1357,10/930,1/07 قیراط,برلیان سفید پاک,F.G,طلایی مادام العمر,905
311,srd1356,10/530,1/03 قیراط,برلیان سفید پاک,F.G,طلایی مادام العمر,905
312,srd1355,10/610,1/04 قیراط,برلیان سفید پاک,F.G,طلایی مادام العمر,905
313,srd1354,10/040,0/98 سوت,برلیان سفید پاک,F.G,طلایی مادام العمر,905
314,srd1353,9/850,0/97 سوت,برلیان سفید پاک,F.G,طلایی مادام العمر,905
315,srd1352,8/840,0/87 سوت,برلیان سفید پاک,F.G,طلایی مادام العمر,905
316,srd1351,13/210,1/29 قیراط,برلیان سفید پاک,F.G,طلایی مادام العمر,905
317,srd1350,10/170,1/00 سوت,برلیان سفید پاک,F.G,طلایی مادام العمر,905
318,srd1349,10/170,1/00 سوت,برلیان سفید پاک,F.G,طلایی مادام العمر,905
319,srd1348,13/940,1/37 قیراط,برلیان سفید پاک,F.G,طلایی مادام العمر,905
320,srd1347,11/630,1/14 قیراط,برلیان سفید پاک,F.G,طلایی مادام العمر,905
321,srd1346,13/910,1/36 قیراط,برلیان سفید پاک,F.G,طلایی مادام العمر,905
322,srd1345,11/250,1/10 قیراط,برلیان سفید پاک,F.G,طلایی مادام العمر,905
323,srd1344,16/730,1/64 قیراط,برلیان سفید پاک,F.G,طلایی مادام العمر,905
324,srd1343,14/810,1/45 قیراط,برلیان سفید پاک,F.G,طلایی مادام العمر,905
325,srd1342,13/800,1/35 قیراط,برلیان سفید پاک,F.G,طلایی مادام العمر,905
326,srd1341,13/680,1/34 قیراط,برلیان سفید پاک,F.G,طلایی مادام العمر,905
327,srd1340,11/870,1/16 قیراط,برلیان سفید پاک,F.G,طلایی مادام العمر,905
328,srd1339,9/770,0/96 سوت,برلیان سفید پاک,F.G,طلایی مادام العمر,905
329,srd1338,10/980,1/08 قیراط,برلیان سفید پاک,F.G,طلایی مادام العمر,905
330,srd1337,10/980,1/08 قیراط,برلیان سفید پاک,F.G,طلایی مادام العمر,905
331,srd1336,10/250,1/00 قیراط,برلیان سفید پاک,F.G,طلایی مادام العمر,905
332,srd1335,17/020,1/67 قیراط,برلیان سفید پاک,F.G,طلایی مادام العمر,905
333,srd1334,14/380,1/41 قیراط,برلیان سفید پاک,F.G,طلایی مادام العمر,905
334,srd1333,15/410,1/51 قیراط,برلیان سفید پاک,F.G,طلایی مادام العمر,905
335,srd1332,9/120,0/89 سوت,برلیان سفید پاک,F.G,طلایی مادام العمر,905
336,srd1331,9/830,0/96 سوت,برلیان سفید پاک,F.G,طلایی مادام العمر,905
337,srd1330,9/750,0/96 سوت,برلیان سفید پاک,F.G,طلایی مادام العمر,905
338,srd1329,11/850,1/16 قیراط,برلیان سفید پاک,F.G,طلایی مادام العمر,905
339,srd1328,14/430,1/41 قیراط,برلیان سفید پاک,F.G,طلایی مادام العمر,905
340,srd1327,20/130,1/97 قیراط,برلیان سفید پاک,F.G,طلایی مادام العمر,905
341,srd1326,18/770,1/84 قیراط,برلیان سفید پاک,F.G,طلایی مادام العمر,905
342,srd1325,11/320,1/11 قیراط,برلیان سفید پاک,F.G,طلایی مادام العمر,905
343,srd1324,14/920,1/46 قیراط,برلیان سفید پاک,F.G,طلایی مادام العمر,905
344,srd1323,12/190,1/20 قیراط,برلیان سفید پاک,F.G,طلایی مادام العمر,905
345,srd1322,13/630,1/34 قیراط,برلیان سفید پاک,F.G,طلایی مادام العمر,905
346,srd1321,10/630,1/04 قیراط,برلیان سفید پاک,F.G,طلایی مادام العمر,905
347,srd1320,13/630,1/34 قیراط,برلیان سفید پاک,F.G,طلایی مادام العمر,905
348,srd1319,14/980,1/47 قیراط,برلیان سفید پاک,F.G,طلایی مادام العمر,905
349,srd1318,11/330,1/11 قیراط,برلیان سفید پاک,F.G,طلایی مادام العمر,905
350,srd1317,13/910,1/36 قیراط,برلیان سفید پاک,F.G,طلایی مادام العمر,905
351,srd1316,12/770,1/25 قیراط,برلیان سفید پاک,F.G,طلایی مادام العمر,905
352,srd1315,11/550,1/13 قیراط,برلیان سفید پاک,F.G,طلایی مادام العمر,905
353,srd1314,13/850,1/36 قیراط,برلیان سفید پاک,F.G,طلایی مادام العمر,905
354,srd1313,9/850,0/97 سوت,برلیان سفید پاک,F.G,طلایی مادام العمر,905
355,srd1312,15/450,1/51 قیراط,برلیان سفید پاک,F.G,طلایی مادام العمر,905
356,srd1311,15/540,1/52 قیراط,برلیان سفید پاک,F.G,طلایی مادام العمر,905
357,srd1310,11/960,1/17 قیراط,برلیان سفید پاک,F.G,طلایی مادام العمر,905
358,srd1309,14/890,1/46 قیراط,برلیان سفید پاک,F.G,طلایی مادام العمر,905
359,srd1308,16/120,1/58 قیراط,برلیان سفید پاک,F.G,طلایی مادام العمر,905
360,srd1307,10/890,1/07 قیراط,برلیان سفید پاک,F.G,طلایی مادام العمر,905
361,srd1306,9/670,0/95 سوت,برلیان سفید پاک,F.G,طلایی مادام العمر,905
362,srd1305,8/200,0/80 سوت,برلیان سفید پاک,F.G,طلایی مادام العمر,905
363,srd1304,13/320,1/31 قیراط,برلیان سفید پاک,F.G,طلایی مادام العمر,905
364,srd1303,11/090,1/09 قیراط,برلیان سفید پاک,F.G,طلایی مادام العمر,905
365,srd1302,17/020,1/67 قیراط,برلیان سفید پاک,F.G,طلایی مادام العمر,905
366,srd1301,9/480,0/93 سوت,برلیان سفید پاک,F.G,طلایی مادام العمر,905
367,srd1300,9/650,0/95 سوت,برلیان سفید پاک,F.G,طلایی مادام العمر,905
368,srd1299,10/180,1/00 سوت,برلیان سفید پاک,F.G,طلایی مادام العمر,905
369,srd1298,11/030,1/08 قیراط,برلیان سفید پاک,F.G,طلایی مادام العمر,905
370,srd1297,13/470,1/32 قیراط,برلیان سفید پاک,F.G,طلایی مادام العمر,905
371,srd1296,9/010,0/88 سوت,برلیان سفید پاک,F.G,طلایی مادام العمر,905
372,srd1295,11/400,1/12 قیراط,برلیان سفید پاک,F.G,طلایی مادام العمر,905
373,srd1294,12/620,1/24 قیراط,برلیان سفید پاک,F.G,طلایی مادام العمر,905
374,srd1293,16/380,1/61 قیراط,برلیان سفید پاک,F.G,طلایی مادام العمر,905
375,srd1292,10/370,1/02 قیراط,برلیان سفید پاک,F.G,طلایی مادام العمر,905
376,srd1291,15/410,1/51 قیراط,برلیان سفید پاک,F.G,طلایی مادام العمر,905
377,srd1290,9/070,0/89 سوت,برلیان سفید پاک,F.G,طلایی مادام العمر,905
378,srd1289,9/270,0/91 سوت,برلیان سفید پاک,F.G,طلایی مادام العمر,905
379,srd1288,6/990,0/69 سوت,برلیان سفید پاک,F.G,طلایی مادام العمر,905
380,srd1287,11/370,1/11 قیراط,برلیان سفید پاک,F.G,طلایی مادام العمر,905
381,srd1286,14/890,1/46 قیراط,برلیان سفید پاک,F.G,طلایی مادام العمر,905
382,srd1285,13/230,1/30 قیراط,برلیان سفید پاک,F.G,طلایی مادام العمر,905
383,srd1284,9/760,0/96 سوت,برلیان سفید پاک,F.G,طلایی مادام العمر,905
384,srd1283,6/990,0/69 سوت,برلیان سفید پاک,F.G,طلایی مادام العمر,905
385,srd1282,7/080,0/69 سوت,برلیان سفید پاک,F.G,طلایی مادام العمر,905
386,srd1281,6/520,0/64 سوت,برلیان سفید پاک,F.G,طلایی مادام العمر,905
387,srd1280,10/000,0/98 سوت,برلیان سفید پاک,F.G,طلایی مادام العمر,905
388,srd1279,7/700,0/75 سوت,برلیان سفید پاک,F.G,طلایی مادام العمر,905
389,srd1278,7/080,0/69 سوت,برلیان سفید پاک,F.G,طلایی مادام العمر,905
390,srd1277,14/680,1/44 قیراط,برلیان سفید پاک,F.G,طلایی مادام العمر,905
391,srd1276,11/110,1/09 قیراط,برلیان سفید پاک,F.G,طلایی مادام العمر,905
392,srd1275,21/970,1/48 قیراط,برلیان سفید پاک,F.G,طلایی مادام العمر,905
393,srd1274,9/940,0/97 سوت,برلیان سفید پاک,F.G,طلایی مادام العمر,905
394,srd1273,14/590,1/43 قیراط,برلیان سفید پاک,F.G,طلایی مادام العمر,905
395,srd1272,16/270,1/59 قیراط,برلیان سفید پاک,F.G,طلایی مادام العمر,905
396,srd1271,6/270,0/61 سوت,برلیان سفید پاک,F.G,طلایی مادام العمر,905
397,srd1270,6/560,0/64 سوت,برلیان سفید پاک,F.G,طلایی مادام العمر,905
398,srd1269,11/540,1/13 قیراط,برلیان سفید پاک,F.G,طلایی مادام العمر,905
399,srd1268,11/040,1/08 قیراط,برلیان سفید پاک,F.G,طلایی مادام العمر,905
400,srd1267,10/370,1/02 قیراط,برلیان سفید پاک,F.G,طلایی مادام العمر,905
401,srd1266,8/280,0/81 سوت,برلیان سفید پاک,F.G,طلایی مادام العمر,905
402,srd1265,8/220,0/81 سوت,برلیان سفید پاک,F.G,طلایی مادام العمر,905
403,srd1264,17/540,1/72 قیراط,برلیان سفید پاک,F.G,طلایی مادام العمر,905
404,srd1263,9/390,0/92 سوت,برلیان سفید پاک,F.G,طلایی مادام العمر,905
405,srd1262,15/810,1/55 قیراط,برلیان سفید پاک,F.G,طلایی مادام العمر,905
406,srd1261,13/690,1/34 قیراط,برلیان سفید پاک,F.G,طلایی مادام العمر,905
407,srd1260,12/310,1/21 قیراط,برلیان سفید پاک,F.G,طلایی مادام العمر,905
408,srd1259,14/000,1/37 قیراط,برلیان سفید پاک,F.G,طلایی مادام العمر,905
409,srd1258,11/080,1/09 قیراط,برلیان سفید پاک,F.G,طلایی مادام العمر,905
410,srd1257,9/390,0/92 سوت,برلیان سفید پاک,F.G,طلایی مادام العمر,905
411,srd1256,28/400,2/78 قیراط,برلیان سفید پاک,F.G,طلایی مادام العمر,905
412,srd1255,7/010,0/69 سوت,برلیان سفید پاک,F.G,طلایی مادام العمر,905
413,srd1254,6/430,0/63 سوت,برلیان سفید پاک,F.G,طلایی مادام العمر,905
414,srd1253,9/300,0/91 سوت,برلیان سفید پاک,F.G,طلایی مادام العمر,905
415,srd1252,9/750,0/96 سوت,برلیان سفید پاک,F.G,طلایی مادام العمر,905
416,srd1251,9/480,0/93 سوت,برلیان سفید پاک,F.G,طلایی مادام العمر,905
417,srd1250,20/730,2/03 قیراط,برلیان سفید پاک,F.G,طلایی مادام العمر,905
418,srd1249,9/390,0/92 سوت,برلیان سفید پاک,F.G,طلایی مادام العمر,905
419,srd1248,12/650,1/24 قیراط,برلیان سفید پاک,F.G,طلایی مادام العمر,905
420,srd1247,10/960,1/07 قیراط,برلیان سفید پاک,F.G,طلایی مادام العمر,905
421,srd1246,13/070,1/28 قیراط,برلیان سفید پاک,F.G,طلایی مادام العمر,905
422,srd1245,14/450,1/42 قیراط,برلیان سفید پاک,F.G,طلایی مادام العمر,905
423,srd1244,10/270,1/01 قیراط,برلیان سفید پاک,F.G,طلایی مادام العمر,905
424,srd1243,7/320,0/72 سوت,برلیان سفید پاک,F.G,طلایی مادام العمر,905
425,srd1242,8/950,0/88 سوت,برلیان سفید پاک,F.G,طلایی مادام العمر,905
426,srd1241,8/660,0/85 سوت,برلیان سفید پاک,F.G,طلایی مادام العمر,905
427,srd1240,8/200,0/80 سوت,برلیان سفید پاک,F.G,طلایی مادام العمر,905
428,srd1239,11/780,1/15 قیراط,برلیان سفید پاک,F.G,طلایی مادام العمر,905
429,srd1238,13/770,1/35 قیراط,برلیان سفید پاک,F.G,طلایی مادام العمر,905
430,srd1237,11/600,1/14 قیراط,برلیان سفید پاک,F.G,طلایی مادام العمر,905
431,srd1236,14/600,1/43 قیراط,برلیان سفید پاک,F.G,طلایی مادام العمر,905
432,srd1235,8/710,0/85 سوت,برلیان سفید پاک,F.G,طلایی مادام العمر,905
433,srd1234,9/550,0/94 سوت,برلیان سفید پاک,F.G,طلایی مادام العمر,905
434,srd1233,7/310,0/72 سوت,برلیان سفید پاک,F.G,طلایی مادام العمر,905
435,srd1232,11/870,1/16 قیراط,برلیان سفید پاک,F.G,طلایی مادام العمر,905
436,srd1231,16/470,1/61 قیراط,برلیان سفید پاک,F.G,طلایی مادام العمر,905
437,srd1230,10/560,1/03 قیراط,برلیان سفید پاک,F.G,طلایی مادام العمر,905
438,srd1229,7/010,0/69 سوت,برلیان سفید پاک,F.G,طلایی مادام العمر,905
439,srd1228,18/420,1/81 قیراط,برلیان سفید پاک,F.G,طلایی مادام العمر,905
440,srd1227,17/190,1/68 قیراط,برلیان سفید پاک,F.G,طلایی مادام العمر,905
441,srd1226,25/620,2/51 قیراط,برلیان سفید پاک,F.G,طلایی مادام العمر,905
442,srd1225,19/290,1/89 قیراط,برلیان سفید پاک,F.G,طلایی مادام العمر,905
443,srd1224,10/640,1/04 قیراط,برلیان سفید پاک,F.G,طلایی مادام العمر,905
444,srd1223,9/370,0/92 سوت,برلیان سفید پاک,F.G,طلایی مادام العمر,905
445,srd1222,12/580,1/23 قیراط,برلیان سفید پاک,F.G,طلایی مادام العمر,905
446,srd1221,13/360,1/31 قیراط,برلیان سفید پاک,F.G,طلایی مادام العمر,905
447,srd1220,9/370,0/92 سوت,برلیان سفید پاک,F.G,طلایی مادام العمر,905
448,srd1219,12/610,1/24 قیراط,برلیان سفید پاک,F.G,طلایی مادام العمر,905
449,srd1218,11/440,1/12 قیراط,برلیان سفید پاک,F.G,طلایی مادام العمر,905
450,srd1217,24/970,2/45 قیراط,برلیان سفید پاک,F.G,طلایی مادام العمر,905
451,srd1216,10/130,0/99 سوت,برلیان سفید پاک,F.G,طلایی مادام العمر,905
452,srd1215,10/060,0/99 سوت,برلیان سفید پاک,F.G,طلایی مادام العمر,905
453,srd1214,11/530,1/13 قیراط,برلیان سفید پاک,F.G,طلایی مادام العمر,905
454,srd1213,13/920,1/36 قیراط,برلیان سفید پاک,F.G,طلایی مادام العمر,905
455,srd1212,15/040,1/47 قیراط,برلیان سفید پاک,F.G,طلایی مادام العمر,905
456,srd1211,11/850,1/16 قیراط,برلیان سفید پاک,F.G,طلایی مادام العمر,905
457,srd1210,9/390,0/92 سوت,برلیان سفید پاک,F.G,طلایی مادام العمر,905
458,srd1209,8/030,0/79 سوت,برلیان سفید پاک,F.G,طلایی مادام العمر,905
459,srd1208,13/640,1/34 قیراط,برلیان سفید پاک,F.G,طلایی مادام العمر,905
460,srd1207,8/690,0/85 سوت,برلیان سفید پاک,F.G,طلایی مادام العمر,905
461,srd1206,8/030,0/79 سوت,برلیان سفید پاک,F.G,طلایی مادام العمر,905
462,srd1205,13/220,1/30 قیراط,برلیان سفید پاک,F.G,طلایی مادام العمر,905
463,srd1204,11/960,1/17 قیراط,برلیان سفید پاک,F.G,طلایی مادام العمر,905
464,srd1205,18/460,1/81 قیراط,برلیان سفید پاک,F.G,طلایی مادام العمر,905
465,srd12006,9/130,0/89 سوت,برلیان سفید پاک,F.G,طلایی مادام العمر,905
466,srd1203,12/310,1/21 قیراط,برلیان سفید پاک,F.G,طلایی مادام العمر,905
467,srd1202,10/560,1/04 قیراط,برلیان سفید پاک,F.G,طلایی مادام العمر,905
468,srd1201,11/160,1/09 قیراط,برلیان سفید پاک,F.G,طلایی مادام العمر,905
469,srd1200,11/390,1/12 قیراط,برلیان سفید پاک,F.G,طلایی مادام العمر,905
470,srd1199,13/910,1/36 قیراط,برلیان سفید پاک,F.G,طلایی مادام العمر,905
471,srd1198,13/140,1/29 قیراط,برلیان سفید پاک,F.G,طلایی مادام العمر,905
472,srd1197,12/560,1/23 قیراط,برلیان سفید پاک,F.G,طلایی مادام العمر,905
473,srd1196,9/420,0/92 سوت,برلیان سفید پاک,F.G,طلایی مادام العمر,905
474,srd1195,8/270,0/81 سوت,برلیان سفید پاک,F.G,طلایی مادام العمر,905
475,srd1194,13/440,1/32 قیراط,برلیان سفید پاک,F.G,طلایی مادام العمر,905
476,srd1193,13/070,1/28 قیراط,برلیان سفید پاک,F.G,طلایی مادام العمر,905
477,srd1192,5/580,0/55 سوت,برلیان سفید پاک,F.G,طلایی مادام العمر,905
478,srd1191,10/320,1/01 قیراط,برلیان سفید پاک,F.G,طلایی مادام العمر,905
479,srd1190,12/480,1/22 قیراط,برلیان سفید پاک,F.G,طلایی مادام العمر,905
480,srd1189,9/480,0/93 سوت,برلیان سفید پاک,F.G,طلایی مادام العمر,905
481,srd1188,12/340,1/21 قیراط,برلیان سفید پاک,F.G,طلایی مادام العمر,905
482,srd1187,10/470,1/03 قیراط,برلیان سفید پاک,F.G,طلایی مادام العمر,905
483,srd1186,9/510,0/93 سوت,برلیان سفید پاک,F.G,طلایی مادام العمر,905
484,srd1185,7/990,0/78 سوت,برلیان سفید پاک,F.G,طلایی مادام العمر,905
485,srd1184,8/080,0/79 سوت,برلیان سفید پاک,F.G,طلایی مادام العمر,905
486,srd1183,7/800,0/76 سوت,برلیان سفید پاک,F.G,طلایی مادام العمر,905
487,srd1182,10/300,1/01 قیراط,برلیان سفید پاک,F.G,طلایی مادام العمر,905
488,srd1181,11/750,1/15 قیراط,برلیان سفید پاک,F.G,طلایی مادام العمر,905
489,srd1180,10/480,1/03 قیراط,برلیان سفید پاک,F.G,طلایی مادام العمر,905
490,srd1179,10/270,1/01 قیراط,برلیان سفید پاک,F.G,طلایی مادام العمر,905
491,srd1178,15/580,1/53 قیراط,برلیان سفید پاک,F.G,طلایی مادام العمر,905
492,srd1177,15/260,1/50 قیراط,برلیان سفید پاک,F.G,طلایی مادام العمر,905
493,srd1176,15/260,1/50 قیراط,برلیان سفید پاک,F.G,طلایی مادام العمر,905
494,srd1175,11/620,1/14 قیراط,برلیان سفید پاک,F.G,طلایی مادام العمر,905
495,srd1173,16/900,1/66 قیراط,برلیان سفید پاک,F.G,طلایی مادام العمر,905
496,srd1172,8/980,0/88 سوت,برلیان سفید پاک,F.G,طلایی مادام العمر,905
497,srd1171,12/280,1/20 قیراط,برلیان سفید پاک,F.G,طلایی مادام العمر,905
498,srd1170,15/310,1/50 قیراط,برلیان سفید پاک,F.G,طلایی مادام العمر,905
499,srd1169,6/310,0/62 سوت,برلیان سفید پاک,F.G,طلایی مادام العمر,905
500,srd1168,7/050,0/69 سوت,برلیان سفید پاک,F.G,طلایی مادام العمر,905
501,srd1167,7/560,0/74 سوت,برلیان سفید پاک,F.G,طلایی مادام العمر,905
502,srd1166,17/760,1/74 قیراط,برلیان سفید پاک,F.G,طلایی مادام العمر,905
503,srd1165,7/230,0/71 سوت,برلیان سفید پاک,F.G,طلایی مادام العمر,905
504,srd1164,8/680,0/85 سوت,برلیان سفید پاک,F.G,طلایی مادام العمر,905
505,srd1163,7/450,0/73 سوت,برلیان سفید پاک,F.G,طلایی مادام العمر,905
506,srd1162,8/490,0/83 سوت,برلیان سفید پاک,F.G,طلایی مادام العمر,905
507,srd1161,12/400,1/22 قیراط,برلیان سفید پاک,F.G,طلایی مادام العمر,905
508,srd1160,11/060,1/08 قیراط,برلیان سفید پاک,F.G,طلایی مادام العمر,905
509,srd1159,10/040,0/98 سوت,برلیان سفید پاک,F.G,طلایی مادام العمر,905
510,srd1158,8/590,0/84 سوت,برلیان سفید پاک,F.G,طلایی مادام العمر,905
511,srd1157,10/790,1/06 قیراط,برلیان سفید پاک,F.G,طلایی مادام العمر,905
512,srd1156,13/850,1/36 قیراط,برلیان سفید پاک,F.G,طلایی مادام العمر,905
513,srd1155,8/750,0/86 سوت,برلیان سفید پاک,F.G,طلایی مادام العمر,905
514,srd1154,9/580,0/94 سوت,برلیان سفید پاک,F.G,طلایی مادام العمر,905
515,srd1153,8/340,0/82 سوت,برلیان سفید پاک,F.G,طلایی مادام العمر,905
516,srd1152,9/260,0/91 سوت,برلیان سفید پاک,F.G,طلایی مادام العمر,905
517,srd1151,11/280,1/11 قیراط,برلیان سفید پاک,F.G,طلایی مادام العمر,905
518,srd1150,9/890,0/97 سوت,برلیان سفید پاک,F.G,طلایی مادام العمر,905
519,srd1149,11/080,1/09 قیراط,برلیان سفید پاک,F.G,طلایی مادام العمر,905
520,srd1148,8/240,0/81 سوت,برلیان سفید پاک,F.G,طلایی مادام العمر,905
521,srd1147,9/000,0/88 سوت,برلیان سفید پاک,F.G,طلایی مادام العمر,905
522,srd1146,8/090,0/79 سوت,برلیان سفید پاک,F.G,طلایی مادام العمر,905
523,srd1145,7/310,0/72 سوت,برلیان سفید پاک,F.G,طلایی مادام العمر,905
524,srd1144,7/310,0/72 سوت,برلیان سفید پاک,F.G,طلایی مادام العمر,905
525,srd1143,7/820,0/77 سوت,برلیان سفید پاک,F.G,طلایی مادام العمر,905
526,srd1142,6/850,0/67 سوت,برلیان سفید پاک,F.G,طلایی مادام العمر,905
527,srd1141,10/260,1/01 قیراط,برلیان سفید پاک,F.G,طلایی مادام العمر,905
528,srd1140,10/530,1/03 قیراط,برلیان سفید پاک,F.G,طلایی مادام العمر,905
529,srd1139,9/060,0/89 سوت,برلیان سفید پاک,F.G,طلایی مادام العمر,905
530,srd1138,9/030,0/88 سوت,برلیان سفید پاک,F.G,طلایی مادام العمر,905
531,srd1137,7/740,0/76 سوت,برلیان سفید پاک,F.G,طلایی مادام العمر,905
532,srd1136,10/540,1/03 قیراط,برلیان سفید پاک,F.G,طلایی مادام العمر,905
533,srd1135,7/260,0/71 سوت,برلیان سفید پاک,F.G,طلایی مادام العمر,905
534,srd1134,7/040,0/69 سوت,برلیان سفید پاک,F.G,طلایی مادام العمر,905
535,srd1133,7/310,0/72 سوت,برلیان سفید پاک,F.G,طلایی مادام العمر,905
536,srd1132,6/290,0/62 سوت,برلیان سفید پاک,F.G,طلایی مادام العمر,905
537,srd1131,7/200,0/71 سوت,برلیان سفید پاک,F.G,طلایی مادام العمر,905
538,srd1130,9/160,0/90 سوت,برلیان سفید پاک,F.G,طلایی مادام العمر,905
539,srd1129,7/030,0/69 سوت,برلیان سفید پاک,F.G,طلایی مادام العمر,905
540,srd1128,7/560,0/74 سوت,برلیان سفید پاک,F.G,طلایی مادام العمر,905
541,srd1127,7/820,0/77 سوت,برلیان سفید پاک,F.G,طلایی مادام العمر,905
542,srd1126,6/490,0/64 سوت,برلیان سفید پاک,F.G,طلایی مادام العمر,905
543,srd1125,6/380,0/63 سوت,برلیان سفید پاک,F.G,طلایی مادام العمر,905
544,srd1124,6/630,0/65 سوت,برلیان سفید پاک,F.G,طلایی مادام العمر,905
545,srd1123,7/280,0/71 سوت,برلیان سفید پاک,F.G,طلایی مادام العمر,905
546,srd1122,7/510,0/74 سوت,برلیان سفید پاک,F.G,طلایی مادام العمر,905
547,srd1121,8/220,0/81 سوت,برلیان سفید پاک,F.G,طلایی مادام العمر,905
548,srd1120,9/440,0/92 سوت,برلیان سفید پاک,F.G,طلایی مادام العمر,905
549,srd1119,9/450,0/93 سوت,برلیان سفید پاک,F.G,طلایی مادام العمر,905
550,srd1118,10/300,1/01 قیراط,برلیان سفید پاک,F.G,طلایی مادام العمر,905
551,srd1117,6/660,0/65 سوت,برلیان سفید پاک,F.G,طلایی مادام العمر,905
552,srd1116,10/150,1/00 سوت,برلیان سفید پاک,F.G,طلایی مادام العمر,905
553,srd1115,10/170,1/00 سوت,برلیان سفید پاک,F.G,طلایی مادام العمر,905
554,srd1114,10/300,1/01 قیراط,برلیان سفید پاک,F.G,طلایی مادام العمر,905
555,srd1113,9/470,0/93 سوت,برلیان سفید پاک,F.G,طلایی مادام العمر,905
556,srd1112,7/890,0/77 سوت,برلیان سفید پاک,F.G,طلایی مادام العمر,905
557,srd1111,11/350,1/11 قیراط,برلیان سفید پاک,F.G,طلایی مادام العمر,905
558,srd1110,20/660,2/02 قیراط,برلیان سفید پاک,F.G,طلایی مادام العمر,905
559,srd1109,10/420,1/02 قیراط,برلیان سفید پاک,F.G,طلایی مادام العمر,905
560,srd1108,22/850,2/24 قیراط,برلیان سفید پاک,F.G,طلایی مادام العمر,905
561,srd1107,10/310,1/01 قیراط,برلیان سفید پاک,F.G,طلایی مادام العمر,905
562,srd1106,5/780,0/57 سوت,برلیان سفید پاک,F.G,طلایی مادام العمر,905
563,srd1105,7/750,0/76 سوت,برلیان سفید پاک,F.G,طلایی مادام العمر,905
564,srd1104,10/120,0/99 سوت,برلیان سفید پاک,F.G,طلایی مادام العمر,905
565,srd1102,11/700,1/15 قیراط,برلیان سفید پاک,F.G,طلایی مادام العمر,905
566,srd1101,20/770,2/04 قیراط,برلیان سفید پاک,F.G,طلایی مادام العمر,905
567,srd1100,6/930,0/68 سوت,برلیان سفید پاک,F.G,طلایی مادام العمر,905
568,srd1099,18/070,1/77 قیراط,برلیان سفید پاک,F.G,طلایی مادام العمر,905
569,srd1098,7/280,0/71 سوت,برلیان سفید پاک,F.G,طلایی مادام العمر,905
570,srd1097,7/720,0/76 سوت,برلیان سفید پاک,F.G,طلایی مادام العمر,905
571,srd1096,10/400,1/02 قیراط,برلیان سفید پاک,F.G,طلایی مادام العمر,905
572,srd1095,8/850,0/87 سوت,برلیان سفید پاک,F.G,طلایی مادام العمر,905
573,srd1094,10/610,1/04 قیراط,برلیان سفید پاک,F.G,طلایی مادام العمر,905
574,srd1093,10/710,1/05 قیراط,برلیان سفید پاک,F.G,طلایی مادام العمر,905
575,srd1092,10/760,1/05 قیراط,برلیان سفید پاک,F.G,طلایی مادام العمر,905
576,srd1091,7/240,0/71 سوت,برلیان سفید پاک,F.G,طلایی مادام العمر,905
577,srd1090,12/400,1/22 قیراط,برلیان سفید پاک,F.G,طلایی مادام العمر,905
578,srd1089,9/960,0/98 سوت,برلیان سفید پاک,F.G,طلایی مادام العمر,905
579,srd1088,11/860,1/16 قیراط,برلیان سفید پاک,F.G,طلایی مادام العمر,905
580,srd1087,10/580,1/04 قیراط,برلیان سفید پاک,F.G,طلایی مادام العمر,905
581,srd1056,8/890,0/87 سوت,برلیان سفید پاک,F.G,طلایی مادام العمر,905
582,srd1086,11/100,1/09 قیراط,برلیان سفید پاک,F.G,طلایی مادام العمر,905
583,srd1085,8/760,0/86 سوت,برلیان سفید پاک,F.G,طلایی مادام العمر,905
584,srd1084,10/070,0/99 سوت,برلیان سفید پاک,F.G,طلایی مادام العمر,905
585,srd1083,12/430,1/22 قیراط,برلیان سفید پاک,F.G,طلایی مادام العمر,905
586,srd1082,10/320,1/01 قیراط,برلیان سفید پاک,F.G,طلایی مادام العمر,905
587,srd1081,6/980,0/68 سوت,برلیان سفید پاک,F.G,طلایی مادام العمر,905
588,srd1080,9/180,0/90 سوت,برلیان سفید پاک,F.G,طلایی مادام العمر,905
589,srd1079,8/220,0/81 سوت,برلیان سفید پاک,F.G,طلایی مادام العمر,905
590,srd1078,11/060,1/08 قیراط,برلیان سفید پاک,F.G,طلایی مادام العمر,905
591,srd1077,6/310,0/62 سوت,برلیان سفید پاک,F.G,طلایی مادام العمر,905
592,srd1076,7/270,0/71 سوت,برلیان سفید پاک,F.G,طلایی مادام العمر,905
593,srd1075,11/060,1/08 قیراط,برلیان سفید پاک,F.G,طلایی مادام العمر,905
594,srd1074,8/920,0/87 سوت,برلیان سفید پاک,F.G,طلایی مادام العمر,905
595,srd1073,19/190,0/24 سوت,برلیان سفید پاک,F.G,طلایی مادام العمر,905
596,srd1072,17/180,0/66 سوت,برلیان سفید پاک,F.G,طلایی مادام العمر,905
597,srd1071,6/310,0/62 سوت,برلیان سفید پاک,F.G,طلایی مادام العمر,905
598,srd1070,6/980,0/68 سوت,برلیان سفید پاک,F.G,طلایی مادام العمر,905
599,srd1069,8/220,0/81 سوت,برلیان سفید پاک,F.G,طلایی مادام العمر,905
600,srd1068,14/600,0/09 سوت,برلیان سفید پاک,F.G,طلایی مادام العمر,905
601,srd1067,17/980,0/55 سوت,برلیان سفید پاک,F.G,طلایی مادام العمر,905
602,srd1066,6/980,0/68 سوت,برلیان سفید پاک,F.G,طلایی مادام العمر,905
603,srd1065,17/440,0/08 سوت,برلیان سفید پاک,F.G,طلایی مادام العمر,905
604,srd1064,23/400,0/14 سوت,برلیان سفید پاک,F.G,طلایی مادام العمر,905
605,srd1063,19/430,0/10 سوت,برلیان سفید پاک,F.G,طلایی مادام العمر,905
606,srd1062,12/500,0/06 سوت,برلیان سفید پاک,F.G,طلایی مادام العمر,905
607,srd1061,22/330,0/14 سوت,برلیان سفید پاک,F.G,طلایی مادام العمر,905
608,srd1060,20/740,0/11 سوت,برلیان سفید پاک,F.G,طلایی مادام العمر,905
609,srd1059,21/940,0/61 سوت,برلیان سفید پاک,F.G,طلایی مادام العمر,905
610,srd1058,11/790,0/07 سوت,برلیان سفید پاک,F.G,طلایی مادام العمر,905
611,srd1057,20/000,0/11 سوت,برلیان سفید پاک,F.G,طلایی مادام العمر,905
612,srde1056,21/030,0/56 سوت,برلیان سفید پاک,F.G,طلایی مادام العمر,905
613,srd1055,18/680,0/15 سوت,برلیان سفید پاک,F.G,طلایی مادام العمر,905
614,srd1054,17/740,0/12 سوت,برلیان سفید پاک,F.G,طلایی مادام العمر,905
615,srd1053,18/490,0/12 سوت,برلیان سفید پاک,F.G,طلایی مادام العمر,905
616,srd1052,12/480,0/15 سوت,برلیان سفید پاک,F.G,طلایی مادام العمر,905
617,srd1051,14/950,0/10 سوت,برلیان سفید پاک,F.G,طلایی مادام العمر,905
618,srd1037,7/000,0/69 سوت,برلیان سفید پاک,F.G,طلایی مادام العمر,905
